"","solID","mape","decomp.rssd","nrmse","nrmse_train","display_thetas","paid_search_thetas","social_thetas","tv_thetas","display_alphas","paid_search_alphas","social_alphas","tv_alphas","display_gammas","paid_search_gammas","social_gammas","tv_gammas","cluster","n","top_sol"
"1","1_232_1",0,0.784112292738633,0.200775696726399,0.200775696726399,0.269497240959816,0.643971860850738,0.544551117081096,0.327826912433053,0.312557490185909,0.598865954776518,0.592809866934517,0.477332363401881,0.24281101678983,0.421901543921853,0.627377992524483,0.345253424620606,4,23,FALSE
"2","1_234_1",0,0.79952959543055,0.19978409932548,0.19978409932548,0.0269470506498136,0.62651636232024,0.772758200439473,0.373806603158321,0.309875231411472,0.0715809856801196,0.110787620942123,0.591252534755084,0.213749808714809,0.449695983723855,0.674229307723945,0.815266602980572,4,23,FALSE
"3","1_240_1",0,1.05596723280907,0.2001617757465,0.2001617757465,0.202660839480802,0.519322091364553,0.997429020018859,0.453983112730232,0.399368730525007,0.222224770095653,0.77607677293749,0.524996616309214,0.0385391179888143,0.281405835482037,0.808409279349387,0.930891089959678,4,23,FALSE
"4","1_262_1",0,0.789388179288607,0.200695148275406,0.200695148275406,0.269497240959816,0.643971860850738,0.544551117081096,0.327826912433053,0.312557490185909,0.598865954776518,0.592809866934517,0.477332363401881,0.24281101678983,0.500257948539131,0.627377992524483,0.345253424620606,4,23,FALSE
"5","1_273_1",0,0.240426647632106,0.203179344104124,0.203179344104124,0.937954099533762,0.853414813722723,0.243335295790776,0.447866261273911,0.248213351129986,0.185873379693967,0,0.442537207285535,0.347840520505283,0.413440271208232,0.483511919586131,0.00765285847574082,3,37,FALSE
"6","1_298_1",0,1.10268544130534,0.199963474633986,0.199963474633986,0.133382435862666,0.550590314482919,0.845317897887923,0.320187707747102,0.25781401476481,0.153970444345245,0.0381422688826756,0.707988504782066,0.008780247033016,0.376720600156083,0.680462575975269,0.623436473794638,4,23,FALSE
"7","1_328_1",0,1.05370436151577,0.199932699121418,0.199932699121418,0.133382435862666,0.550590314482919,0.845317897887923,0.320187707747102,0.25781401476481,0.0447205815840827,0.0381422688826756,0.707988504782066,0.008780247033016,0.376720600156083,0.680462575975269,0.623436473794638,4,23,FALSE
"8","1_329_1",0,0.78299123986614,0.200711015416497,0.200711015416497,0.0730212330097854,0.46722490199826,0.988603434662883,0.26821630664182,0.350015954159332,0.00952131300825206,0.187522289320887,0.493214990265994,0.613856030910405,0.387977302964538,0.829971450843235,0.369740746694467,4,23,FALSE
"9","1_358_1",0,0.798159994006572,0.200648666169608,0.200648666169608,0.0685485594746001,0.550590314482919,0.845317897887923,0.359906313571805,0.271680979899374,0.78792763094845,0.0381422688826756,0.707988504782066,0.463348258102717,0.496605200678048,0.680462575975269,0.623436473794638,4,23,FALSE
"10","1_363_1",0,0.451545888814545,0.202299502166532,0.202299502166532,0.54043507661428,0.792144916344397,0.243335295790776,0.447866261273911,0.138934168372297,0.0675300316876053,0.352060599000866,0.442537207285535,0.472083631121579,0.000112316091863907,0.61001445738135,0.00765285847574082,4,23,FALSE
"11","1_366_1",0,0.885162398968208,0.200136772192379,0.200136772192379,0.0608608217721923,0.699871977956843,0.740815929806471,0.429473171390491,0.310680508445216,0.161251802902304,0.224841343314123,0.559070279916255,0.127930798589872,0.485541113517628,0.66548549054553,0.689527047242208,4,23,FALSE
"12","1_369_1",0,0.469345507776297,0.202109877060846,0.202109877060846,0.670906314999675,0.522211657186697,0.437534242508367,0.278190544267009,0.0864297925192434,0.565231487780835,0.106264936762356,0.642942237844391,0.365503027140054,0.571152727210444,0.737414156318963,0.0286317430054949,3,37,FALSE
"13","1_376_1",0,0.387500915695393,0.202570580243212,0.202570580243212,0.784997312404488,0.76730451997517,0.634220440103229,0.302976872430859,0.546794390630562,0.54828601049792,0.321820380508259,0.257419494615994,0.869662737147768,0.220829211414139,0.607385214067681,0.484656075269738,3,37,FALSE
"14","1_388_1",0,1.04119207952975,0.200018594316656,0.200018594316656,0.133382435862666,0.640615283082968,0.489856401613677,0.209048835266504,0.25781401476481,0.0447205815840827,0.184976528040494,0.80227806365914,0.008780247033016,0.376720600156083,0.628341930008353,0.215468115129074,4,23,FALSE
"15","1_394_1",0,0.289593553137675,0.202641689426762,0.202641689426762,0.79162194498094,0.843038407543249,0.711814491057331,0.281883076768687,0.662815210955983,0.414268866750201,0.155315571410287,0.56386740057492,1,0.243737389704659,0.648892259239529,0.255436528181281,3,37,FALSE
"16","1_396_1",0,0.884444767761016,0.200135547697654,0.200135547697654,0.0608608217721923,0.699871977956843,0.363605770353232,0.432424265886317,0.310680508445216,0.161251802902304,0.224841343314123,0.652408066037909,0.127930798589872,0.485541113517628,0.932544970094508,0.680334812913116,4,23,FALSE
"17","1_413_1",0,0.712168195761965,0.200400739682937,0.200400739682937,0.169829236523414,0.45780592872544,0.809301415459509,0.485672918342882,0.064231692499995,0.0300133474209453,0.0931656314693203,0.408344319306238,0.289696621306528,0.289241720799904,0.796331695498472,0.360850636108438,4,23,TRUE
"18","1_415_1",0,0.47477130682616,0.201395290012413,0.201395290012413,0.353921509321655,0.290228948048813,0.210908428089003,0.439358505804645,0.312711577611841,0.47480167754321,0.516026537395903,0.0749398697585828,0.562949011613532,0.25752561217995,0.851693693659398,0.0692373444521491,3,37,FALSE
"19","1_423_1",0,0.597257400303074,0.200517137362723,0.200517137362723,0.279579280176801,0.657340523566751,0.0859863378057402,0.330673375631283,0.931653990527047,1,0.165900976268981,0.0773964128102767,0.473309963890413,0.838991646985495,0.587535073431654,0.788942605557221,3,37,FALSE
"20","1_424_1",0,0.430353324564966,0.202316287464381,0.202316287464381,0.79162194498094,0.646964117262599,0.554465532958728,0.281883076768687,0.662815210955983,0.427825248551142,0.0105854048144483,0.872285595157637,1,0.523996202341703,0.752915413085052,0.0488556445816626,3,37,FALSE
"21","1_425_1",0,0.565844461048556,0.201162243307888,0.201162243307888,0.376905193576026,0.315300352519058,0.501263016723684,0.325545525129146,0.260965959482577,0.97819930557346,0.734802530055514,0.487838466883526,0.254942655815048,0.415343739239746,0.687197357450811,0.0461021111087084,2,24,FALSE
"22","1_426_1",0,0.843176768126444,0.200124330306233,0.200124330306233,0.0608608217721923,0.773690328691822,0.267389390748694,0.444777862351583,0.310680508445216,0.161251802902304,0.326616747904676,0.484511379081435,0.127930798589872,0.485541113517628,0.674520559879483,0.142189249345817,4,23,FALSE
"23","1_430_1",0,0.357733473077384,0.202874287643038,0.202874287643038,1,0.658312348987644,0.663833315861444,0.498493843934542,0.0572274764324261,0.934631897690284,0.500938260812676,0.158819096763361,0.949926366766331,0.37485255086584,0.547552326338435,0.658510298084981,3,37,FALSE
"24","1_434_1",0,0.497182450994274,0.201923115006581,0.201923115006581,0.408831213150869,0.771952922428217,0.746790265853894,0.388510824857296,0.536190352086132,0.196523617378554,0.0829334536504356,0.358047229529077,0.746722643499718,0.291123503131149,0.284933925095731,0.144882707212465,3,37,FALSE
"25","1_443_1",0,0.81721131266757,0.200266315045564,0.200266315045564,0.123192303431277,0.45780592872544,0.809301415459509,0.515918243739408,0.00446971177790939,0,0.0931656314693203,0.38099000883195,0.143787013390937,0.52054524454338,0.796331695498472,0.643408858231994,4,23,FALSE
"26","1_444_1",0,1.06512573131805,0.198807599716819,0.198807599716819,0,0.562193865996863,0.554746217373606,0.23253456145223,0.884504084782138,0.240046249540599,0.914242980591218,0.443459606993346,0.0767969623386769,0.874379744622832,0.638203523171016,0.101099401581564,2,24,FALSE
"27","1_449_1",0,0.600866410504675,0.201061058623572,0.201061058623572,0.0888483808292952,0.599406178544727,0.050845789752964,0.502986654836162,0.262930172141936,0.390714232439817,0.643885802474303,0.123570439252787,0.468251513320085,0.199891970775317,0.726921163987974,0.0988635470828788,4,23,FALSE
"28","1_453_1",0,0.454475138731997,0.201761486938547,0.201761486938547,0.503242704340174,0.73345784957279,0.0859863378057402,0.409184427026256,0.969373915122975,0.900046781129156,0.426229248519718,0.13159120047075,0.790520365174169,0.810681168737885,0.547000313662414,0.775122737193056,3,37,FALSE
"29","1_456_1",0,0.847823998314572,0.200124126319236,0.200124126319236,0.0608608217721923,0.773690328691822,0.57503984408389,0.444777862351583,0.310680508445216,0.161251802902304,0.326616747904676,0.131465095635646,0.127930798589872,0.485541113517628,0.753985961214918,0.142189249345817,4,23,FALSE
"30","1_457_1",0,0.788918984126517,0.200678967468098,0.200678967468098,0.0314727325321337,0.680647258196885,0.809716661804334,0.524590211419892,0,0.459090675686101,0.494312556073442,0.306379404306102,0.151263956803224,0.038187113132197,0.625849660376783,0.641258501351429,4,23,FALSE
"31","1_460_1",0,0.357733473077384,0.202874287643038,0.202874287643038,1,0.658312348987644,0.663833315861444,0.498493843934542,0.0572274764324261,0.934631897690284,0.513008882120416,0.158819096763361,0.949926366766331,0.37485255086584,0.790865420217455,0.658510298084981,3,37,FALSE
"32","1_462_1",0,0.320536125497917,0.202369729086703,0.202369729086703,0.496454857042656,0.870954762749592,0,0.246128023766352,0.877451687983371,0.428372588447069,0.529485905524844,0,0.816666606441825,0.382132928746627,0.490923698237265,0.960294604838724,3,37,FALSE
"33","1_465_1",0,0.68108002805915,0.200819003877964,0.200819003877964,0.163421224318872,0.412441239016321,0.684098440088441,0.442255646352432,0.262457056077715,0.362530801743451,0.989789391436748,0.089864535005244,0.624823181401919,0.606615468665609,0.63754949325677,0.522189221119738,4,23,FALSE
"34","1_470_1",0,0.411526530817746,0.202154476555534,0.202154476555534,0.486349940342062,0.831849092430437,0.743919492443659,0.368639683590487,0.0146807028584121,0.246960847194983,0.0742906355692056,0.913081973940488,0.639294628412448,0.147882103037186,0.279652837424828,0.0785113871177606,4,23,FALSE
"35","1_473_1",0,0.807262309690067,0.200596095519257,0.200596095519257,0.123192303431277,0.777061280396731,0.809301415459509,0.515918243739408,0.00446971177790939,0,0.209542183080866,0.38099000883195,0.143787013390937,0.52054524454338,0.796331695498472,0.643408858231994,4,23,FALSE
"36","1_475_1",0,0.475329706989296,0.201395451076537,0.201395451076537,0.353921509321655,0.290228948048813,0.106181734720547,0.439358505804645,0.312711577611841,0.47480167754321,0.782477431027989,0.0625996831989539,0.562949011613532,0.25752561217995,0.652228588212801,0.0692373444521491,3,37,FALSE
"37","1_479_1",0,0.824542428625517,0.199798110463348,0.199798110463348,0.0525630568555156,0.151599980971505,0.050845789752964,0.42222454407212,0.0422829868890364,0.164675543964928,0.450168290907185,0.123570439252787,0,0,0.894607224249339,0.0988635470828788,4,23,FALSE
"38","1_480_1",0,0.740501566529375,0.20050594204395,0.20050594204395,0.174843765425681,0.522922821964957,0.598139747562109,0.160912760555793,0.247717522348818,0.223592889157775,0.832743490093046,0.101925016548953,0.331955261592552,0.365776929484624,0.394938625087116,0.930891089959678,4,23,FALSE
"39","1_483_1",0,0.493508725124671,0.201382154590619,0.201382154590619,0.503242704340174,0.512936312944782,0.664638399974182,0.470375220027827,0.969373915122975,0.900046781129156,0.159778354887632,0.352993695539141,0.790520365174169,0.810681168737885,0.746465419109012,0.44370505634711,3,37,FALSE
"40","1_489_1",0,0.474693590177092,0.201202508909192,0.201202508909192,0.422469677756745,0.604015662099244,0.437534242508367,0.285829203456733,0.989299921707166,0.866337833041441,0.497223146610644,0.642942237844391,0.644759447536338,0.89113889081747,0.737414156318963,0.179422891624013,2,24,FALSE
"41","2_258_1",0,0.426518536893116,0.202348382803951,0.202348382803951,0.450216223241597,0.98889366766803,0.690644406768138,0.506132934296486,0.926469733061702,0.544538343488805,0.0273036874136196,0.205278140987982,0.76992683881171,0.493146601742847,0.625515434366844,0.470848223046847,3,37,FALSE
"42","2_276_1",0,0.366037249154761,0.202637690752559,0.202637690752559,0.465384588259982,0.973464225498615,0.656054026770461,0.502981590696463,0.843063546711892,0.544299093648964,0.256472036134091,0.283739363210892,0.946939193486554,0.490135567392324,0.603330545468958,0.482783446103148,3,37,FALSE
"43","2_288_1",0,0.540714347983584,0.201477756653783,0.201477756653783,0.450216223241597,0.278930139886269,0.774690908319265,0.506132934296486,0.926469733061702,0.544538343488805,0.490545755697946,0.205278140987982,0.76992683881171,0.612995795805374,0.282929486360462,0.470848223046847,1,26,FALSE
"44","2_290_1",0,0.329358697517422,0.202611032487896,0.202611032487896,0.642987001822443,0.917593608327618,0.610760805815271,0.732275155480779,0.749567645274395,0.600747975498369,0.165909296471227,0.198794719808717,0.767666684819248,0.575659134687976,0.686159648443123,0.163173601665698,3,37,FALSE
"45","2_303_1",0,0.836694946358179,0.200213443529506,0.200213443529506,0.382302062976541,0.24932515876234,0.839231391693101,0.022008095654357,0.924547591598146,0.649588097698092,0.764251427253162,0.946757896213726,0.404926110050307,0.818953833354214,0.20445271317421,0.68887814940626,1,26,FALSE
"46","2_306_1",0,0.309266862884344,0.202171533757992,0.202171533757992,0.465384588259982,0.652925767786226,0.656651365796588,0.686168852727548,0.843063546711892,0.620649756283218,0.256472036134091,0.369773108123993,0.946939193486554,0.495408082576413,0.603330545468958,0.238601384567434,3,37,FALSE
"47","2_320_1",0,0.338583807361305,0.202422726547212,0.202422726547212,0.434439050773136,0.917593608327618,0.610760805815271,0.732275155480779,0.749567645274395,0.639820073334321,0.165909296471227,0.198794719808717,0.767666684819248,0.575659134687976,0.686159648443123,0.163173601665698,3,37,FALSE
"48","2_325_1",0,0.49403734086373,0.202028391602469,0.202028391602469,0.496843837728431,0.594087263492726,0.641300414705096,0.663285489573368,0.848981158981129,0.604613804712461,0.354169079175368,0.46425747198638,0.768481376404002,0.495905663492604,0.648131772753292,0.297584078675413,3,37,FALSE
"49","2_333_1",0,0.806051754891983,0.200215840923865,0.200215840923865,0.382302062976541,0.24932515876234,0.839231391693101,0.224638180565619,0.924547591598146,0.649588097698092,0.764251427253162,0.946757896213726,0.404926110050307,0.818953833354214,0.20445271317421,0.68887814940626,1,26,FALSE
"50","2_339_1",0,0.339706308718203,0.201122944202627,0.201122944202627,0.491327454821623,0.496076272913477,0.695076355136389,0.775080245171355,0.994886619739515,0.574164933069394,0.342620863591294,1,0.49632856199385,0.644282096961219,0.559738062687849,0.0956357967685336,2,24,FALSE
"51","2_346_1",0,0.475917190764641,0.20222867088475,0.20222867088475,0.460236922110561,0.63695623709742,0.504339795714458,0.704173552401327,0.833916891099926,0.627237638657254,0.236401304376072,0.345520043034377,0.888313681999562,0.49803874912209,0.61113902052022,0.280241241565941,3,37,FALSE
"52","2_347_1",0,0.405375931546685,0.201627996683527,0.201627996683527,0.518698926963898,0.528380350979101,0.659929074035593,0.721815626927408,0.968584551537317,0.545344559491004,0.146332669031398,0.840646881893537,0.58750559073862,0.46736451887028,0.582131012455366,0.218290952800571,2,24,FALSE
"53","2_350_1",0,0.320785277846924,0.202893388594452,0.202893388594452,0.616346715582135,1,0.677466571540613,0.732275155480779,0.933637487358302,0.416811370523994,0.154868459396007,0.263561852340894,0.910344392016405,0.492153716526192,0.615476360742932,0.283148745512572,3,37,FALSE
"54","2_359_1",0,0.916916017803747,0.200215665053387,0.200215665053387,0.447537779284877,0.0891813735775744,0.312355846334254,0.862104562349304,0.93830667938825,0.632262870720596,0.767183494882838,0.562936653506433,0.263120246041406,0.769621105241744,1,0.152429081645551,2,24,FALSE
"55","2_365_1",0,0.274508609469834,0.201588179441688,0.201588179441688,0.423152290213365,0.571384846518657,0.581221881835321,0.469943382815487,0.292009510933796,0.609467980949968,0.325805420197182,0.615795442252285,0.919487880999655,0.629717996753118,0.534943594546705,0.0629903718738826,3,37,FALSE
"56","2_375_1",0,0.874418657192714,0.200576071981605,0.200576071981605,0.358764948020858,0.427204314895623,0.885498716742453,0.121286939785355,0.977245061789584,0.628712915189135,0.435676519350462,0.746466079005303,0.330595733392113,0.769312179024942,0.56112396126017,0.628721302892766,2,24,FALSE
"57","2_377_1",0,0.563395729572642,0.200522466034569,0.200522466034569,0.376901254121625,0.0474884469507671,1,0.721815626927408,0.968584551537317,0.660835483505957,0.99142448131533,0.997098455089648,0.58750559073862,0.900024639761261,0.0155956678656988,0.218290952800571,1,26,FALSE
"58","2_379_1",0,0.760363826287805,0.200570462959998,0.200570462959998,0.400482326891199,0.221857537506007,0.947713360229986,0.399103864711438,0.91028772421946,0.660550839672902,0.813360268744061,0.849016547433988,0.511510384674914,0.834897577958064,0.155207649047057,0.731363192638763,1,26,FALSE
"59","2_387_1",0,0.440478400336129,0.200920625539932,0.200920625539932,0.401356727175642,0.15208442771192,0.687578025746744,0.557921997144995,0.967875882160814,0.739947666641305,0.398770787746155,0.900840166927177,0.54602059091069,0.503646387443944,0.560843063990253,0.202548975192405,2,24,TRUE
"60","2_389_1",0,0.870824638843873,0.200239928349123,0.200239928349123,0.447537779284877,0.0891813735775744,0.467216242992155,0.691159612708057,0.908960143185487,0.632262870720596,0.767183494882838,0.947868725460229,0.263120246041406,0.769621105241744,0.937322736146222,0.285122980886164,2,24,FALSE
"61","2_394_1",0,0.587208110824467,0.201072354263753,0.201072354263753,0.50009779238414,0.164955726743556,0.8475922814652,0.281287451275104,0.9479125594203,0.535840539083118,0.786191363273786,0.234855375278153,0.766888539519523,1,0.00274462307334725,0.550511478152221,1,26,FALSE
"62","2_395_1",0,0.258751233007369,0.202207916026063,0.202207916026063,0.538593934905269,0.865525510574281,0.581221881835321,1,0.401282631916193,0.409609951500059,0.0674225274209216,0.615795442252285,0.901941202663927,0.610413420280585,0.534943594546705,0.0629903718738826,3,37,FALSE
"63","2_396_1",0,0.444924546191069,0.200651301162706,0.200651301162706,0.398918568005815,0.330045280567117,0.802715386536511,0.686168852727548,0.908250782620896,0.643800429389727,0.662695549091085,0.369773108123993,0.513328726737557,0.754244683198654,0.284228279610911,0.238601384567434,1,26,TRUE
"64","2_404_1",0,0.612967532963321,0.201007272381127,0.201007272381127,0.423600354079604,0.310553408403382,0.747914186995338,0.306799676880656,0.951214120903202,0.58517522067504,0.617519939699405,0.423971479843877,0.583331958236745,0.658160641760698,0.269115757679297,0.506179607072656,1,26,FALSE
"65","2_405_1",0,0.505841098120297,0.201074304878682,0.201074304878682,0.358764948020858,0.151716482948882,0.885498716742453,0.929522488866322,0.994184546105951,0.795458903205714,0.807899142284242,0.29376825769924,0.710382594467292,0.694240061643938,0.56666755588319,0.104508662615057,1,26,FALSE
"66","2_408_1",0,0.827788989533622,0.200625528295876,0.200625528295876,0.441590673238946,0.32793883947618,0.547072893695788,0.305418238595228,0.775865573742397,0.755301526233509,0.517326331180625,0.636647268007982,0.343601242318288,0.5604607708769,0.818298117579756,1,2,24,FALSE
"67","2_412_1",0,0.585413818601826,0.20110712584013,0.20110712584013,0.421881029648984,0.458396585106782,0.660415010059551,0.517757912822509,0.980475752977082,0.554783136243478,0.44762667444799,0.653676836696937,0.503576789368526,0.65128494397561,0.411250195650348,0.258051621124274,2,24,FALSE
"68","2_415_1",0,0.448872259340167,0.201942819851106,0.201942819851106,0.496843837728431,0.479185557103949,0.447920241582612,0.581012906482342,0.848981158981129,0.604613804712461,0.393945027329941,0.70009710937088,0.768481376404002,0.482522717413239,0.846229515119793,0.202507097689516,2,24,FALSE
"69","2_418_1",0,0.40106393226188,0.201883111050451,0.201883111050451,0.406960829834088,0.75127524321521,0.902233470751054,0.711099485982136,0.997609523573689,0.549661593513261,0.771725282776256,0.828256739791706,0.685241317572014,0.646729059304613,0.0151703951317091,0.216056333300225,1,26,FALSE
"70","2_420_1",0,0.419232283014699,0.20221306967115,0.20221306967115,0.509641400845343,0.81471922426965,0.562467277018384,0.96982483876466,0.736582242422166,0.711063393183377,0.157179065199558,0.570608013902929,0.762585207572775,0.603948176085922,0.531417317020924,0.153827163706291,3,37,FALSE
"71","2_424_1",0,0.431222325405656,0.202186484937354,0.202186484937354,0.50009779238414,0.747746772793626,0.428088353965927,0.628456358090038,0.9479125594203,0.562646399279663,0.0671258031059825,0.274837465642881,0.766888539519523,0.552385728075705,0.692896505301082,0.279688335952295,3,37,FALSE
"72","2_425_1",0,0.350348733818341,0.202097005619866,0.202097005619866,0.423152290213365,0.930255107199057,0.337282965967146,0.469943382815487,0.292009510933796,0.609467980949968,0.186694095251218,0.618116678203279,0.919487880999655,0.629717996753118,0.970257510359928,0.0629903718738826,3,37,FALSE
"73","2_426_1",0,0.444924546191069,0.200651301162706,0.200651301162706,0.398918568005815,0.330045280567117,0.918039415622887,0.686168852727548,0.908250782620896,0.643800429389727,1,0.369773108123993,0.513328726737557,0.754244683198654,0,0.238601384567434,1,26,FALSE
"74","2_427_1",0,0.638597735996682,0.200447793395685,0.200447793395685,0.328226482005863,0.0440069760171031,0.784481516382507,0.519879785804229,0.828569194925967,0.778903471942288,0.718953126029839,0.220515845660465,0.506762846237556,0.642590655498819,0.283242666862446,0.390838625885956,1,26,FALSE
"75","2_429_1",0,0.61893196004492,0.200730405682176,0.200730405682176,0.491327454821623,0.270030805985487,0.695076355136389,0.775080245171355,0.994886619739515,0.587792976286205,0.60560400937069,1,0.49632856199385,0.760906062188347,0.344831973336177,0.0956357967685336,2,24,FALSE
"76","2_430_1",0,0.978553321664732,0.199275879219229,0.199275879219229,0.225707940041333,0.322926419508775,0.997955423833952,0.423181536890666,0.836962862210328,0.934249546809529,0.801140191966761,0.506910680745747,0.190274605532377,0.807747485373783,0.00357546461191586,0.531638220814052,1,26,FALSE
"77","2_431_1",0,0.799341553034479,0.20059778084794,0.20059778084794,0.402357606289112,0.654670646407531,0.710309263756919,0.615117909183618,0.892176459234173,0.705208632578687,0.286629334536858,0.376386050691828,0.254181603959585,0.749659019328779,0.612532197281576,0.534583179127406,2,24,FALSE
"78","2_435_1",0,0.893933305663574,0.200298292827798,0.200298292827798,0.358764948020858,0.151716482948882,0.848484856702971,0.318987808743652,0.977245061789584,0.795458903205714,0.979687284542123,0.906699532726616,0.330595733392113,0.694240061643938,0.276895681649259,0.676846780147059,1,26,FALSE
"79","2_437_1",0,0.313177656587813,0.20117555162663,0.20117555162663,0.518698926963898,0.528380350979101,0.509001237821823,0.788728358499582,0.885087968404356,0.545344559491004,0.0248322617038383,0.349335657212805,0.382100514944752,0.46736451887028,0.523661502462355,0.0609472259635847,3,37,TRUE
"80","2_438_1",0,0.531166545623641,0.201490343590532,0.201490343590532,0.426839966736238,0.522695645110162,0.574392084252841,0.437038353867975,0.388780723495516,0.638634689981285,0.517326331180625,0.61996580744885,0.804310553284565,0.615866551531961,0.818298117579756,0.250392297464308,3,37,FALSE
"81","2_442_1",0,0.523153642593606,0.201395392140668,0.201395392140668,0.569791485622862,0.633462257492074,0.751498588654979,0.709016033109247,0.924475772161612,0.410402150118893,0.25437271496285,0.961040482895109,0.48374086484257,0.64749256291815,0.431085770118765,0.284167961031295,2,24,FALSE
"82","2_445_1",0,0.482178166013089,0.202102069082505,0.202102069082505,0.496843837728431,0.475152403745508,0.433238861095834,0.920888408731022,0.848981158981129,0.604613804712461,0.0470488299666814,0.59592159229219,0.768481376404002,0.348032984111013,0.882313059291908,0.237642329355221,3,37,FALSE
"83","2_447_1",0,0.555530292216432,0.200945999892761,0.200945999892761,0.401356727175642,0.15208442771192,0.6935766893266,0.731648595514353,0.967875882160814,0.739947666641305,0.398770787746155,0.980168033453574,0.54602059091069,0.503646387443944,0.560843063990253,0.11701843240981,2,24,FALSE
"84","2_450_1",0,0.724857179395865,0.200159661938924,0.200159661938924,0.277289152379936,0.000748534321767027,0.855402697686912,0.96982483876466,0.736582242422166,0.825673987893464,0.94390276473154,0.247940596302651,0.484805356949765,0.774599548799506,0.0486493173499771,0.153827163706291,1,26,FALSE
"85","2_455_1",0,0.310185325113749,0.201529331206435,0.201529331206435,0.440766141320716,0.571384846518657,0.581221881835321,0.441425963403869,0.243742495776415,0.609467980949968,0.325805420197182,0.615795442252285,0.860146389798804,0.629717996753118,0.534943594546705,0.079238717298247,3,37,FALSE
"86","2_457_1",0,0.753100055078571,0.200585319908105,0.200585319908105,0.328226482005863,0.0440069760171031,0.6120667294658,0.358331113164337,0.828569194925967,0.778903471942288,0.718953126029839,0.316887299703889,0.506762846237556,0.642590655498819,0.497360266082092,0.52887676441951,1,26,FALSE
"87","2_460_1",0,0.534237182504649,0.200744949215805,0.200744949215805,0.411578432798844,0.164248886813775,0.819813014549313,0.67300729953091,0.772497249696595,0.624756340010806,0.656501899414629,0.328640205013984,0.561098437563662,0.705328279966866,0.024989322365492,0.253209549750609,1,26,FALSE
"88","2_461_1",0,0.917748183470154,0.200089996365108,0.200089996365108,0.39105835283395,0.201898700899161,0.961428965627978,0.615117909183618,0.694752842442796,0.664106128467575,0.856994409233624,0.376386050691828,0.196045004845465,0.805124973506315,0.149316811218658,0.534583179127406,1,26,FALSE
"89","2_462_1",0,0.722372358019201,0.20074837559034,0.20074837559034,0.490534060219387,0.298908290941262,0.451907930752553,0.638910889494476,0.62775392339975,0.491901842438179,0.732089901393462,0.309260557667283,0.28921527359777,0.767557000471861,0.552953066769603,0.226403702778557,2,24,FALSE
"90","2_464_1",0,0.62409341156329,0.200525819573835,0.200525819573835,0.423600354079604,0.32199419610002,0.840851045944769,0.306799676880656,0.951214120903202,0.818668236367615,0.640237559913239,0.423971479843877,0.583331958236745,0.967557081752345,0.126724226037851,0.506179607072656,1,26,FALSE
"91","2_466_1",0,0.636022030947499,0.200695439516712,0.200695439516712,0.359531040586645,0.182225301174992,0.962829476638896,0.408997048425731,0.941651019377108,0.68236107008934,0.919103609179426,0.246596773440847,0.595735723187239,0.889352316913983,0.0333502544043837,0.369711942318312,1,26,FALSE
"92","2_468_1",0,0.507466595539643,0.201822519571915,0.201822519571915,0.486668656732728,0.46154872875315,0.574392084252841,0.437038353867975,0.388780723495516,0.647732114990756,0.517326331180625,0.61996580744885,0.804310553284565,0.397416119048427,0.818298117579756,0.250392297464308,3,37,FALSE
"93","2_469_1",0,0.661247484543616,0.200501406083018,0.200501406083018,0.400482326891199,0.221857537506007,0.958949745301951,0.926063535572812,0.69188227964405,0.660550839672902,0.813360268744061,0.59619156633697,0.511510384674914,0.834897577958064,0.155207649047057,0.380981252138904,1,26,FALSE
"94","2_474_1",0,0.649734544234766,0.2008696072972,0.2008696072972,0.381249946694086,0,0.516442104115526,0.483718052044279,0.476044040967424,0.879294657743184,0.468992185088404,0.637217901256128,0.944521085015663,0.636390803013081,0.575884453680203,0,2,24,FALSE
"95","2_475_1",0,0.249782541977509,0.201732456462672,0.201732456462672,0.592590143957032,0.753853923523377,0.496785038619408,0.581012906482342,1,0.397311984949978,0.101508120706395,0.419487947576282,0.492812537549884,0.454952497400845,0.588175105082838,0.076260523925782,3,37,FALSE
"96","2_477_1",0,0.440478400336129,0.200920625539932,0.200920625539932,0.401356727175642,0.15208442771192,0.687578025746744,0.557921997144995,0.967875882160814,0.739947666641305,0.639549314524367,0.900840166927177,0.54602059091069,0.503646387443944,0.560843063990253,0.202548975192405,2,24,FALSE
"97","2_478_1",0,0.35280383774771,0.201329857566051,0.201329857566051,0.386092476741821,0.75127524321521,0.811138591669125,0.693656323848777,0.450527345957922,0.802563522912005,0.771725282776256,0.705775686628248,0.472559815929339,0.646729059304613,0.324949227748211,0.100510628384303,2,24,FALSE
"98","2_479_1",0,1.0263493565833,0.199989135956363,0.199989135956363,0.177197543785058,0.251591644432076,0.312355846334254,0.862104562349304,0.77711731791514,0.972028185301433,0.873809866106996,0.562936653506433,0.474447277527281,0.907430494131564,1,0.152429081645551,2,24,FALSE
"99","2_480_1",0,0.260470830258235,0.202198469115267,0.202198469115267,0.509641400845343,0.81471922426965,0.587243920233866,0.736092035515653,0.736582242422166,0.711063393183377,0.157179065199558,0.550636124246207,0.762585207572775,0.603948176085922,0.482627457034158,0.0689070918684316,3,37,FALSE
"100","2_485_1",0,0.274508609469834,0.201588179441688,0.201588179441688,0.423152290213365,0.571384846518657,0.404027078165223,0.469943382815487,0.292009510933796,0.609467980949968,0.325805420197182,0.615795442252285,0.919487880999655,0.629717996753118,0.735515846428594,0.0629903718738826,3,37,FALSE
"101","2_486_1",0,0.401532955693772,0.201127278618317,0.201127278618317,0.418482946476442,0.413722065186014,0.55277780708848,0.686168852727548,0.907683847046962,0.707090175948788,0.18857259413285,0.292766477662154,0.48014072679048,0.437142081367757,0.720426196421559,0.238601384567434,3,37,FALSE
"102","2_487_1",0,0.565230660830952,0.200572644963958,0.200572644963958,0.499457124014041,0.0440069760171031,0.656220442432943,0.364084110877855,0.96868601848198,0.778903471942288,0.237927605097063,0.822163368754621,0.515981410336373,0.642590655498819,0.692113663177241,0.344285532379247,2,24,FALSE
"103","2_490_1",0,0.503305420407968,0.200717570151664,0.200717570151664,0.411578432798844,0.164248886813775,0.819813014549313,0.73706672734596,0.814302809505423,0.624756340010806,0.656501899414629,0.328640205013984,0.561098437563662,0.705328279966866,0.024989322365492,0.253209549750609,1,26,FALSE
"104","2_491_1",0,0.91509062973245,0.200070392481161,0.200070392481161,0.39105835283395,0.201898700899161,0.961428965627978,0.592303973809514,0.694752842442796,0.664106128467575,0.856994409233624,0.376386050691828,0.196045004845465,0.805124973506315,0.149316811218658,0.547581855479947,1,26,FALSE
"105","2_492_1",0,0.727368676857303,0.200745045568367,0.200745045568367,0.5012070273286,0.00727294008168617,0.469664880741323,0.638910889494476,0.62775392339975,0.566061641957669,0.399684957684921,0.553408377052398,0.28921527359777,0.424303046034773,0.782998826337647,0.226403702778557,2,24,FALSE
"106","2_493_1",0,0.542575247275549,0.201054659089194,0.201054659089194,0.488913027917508,0.499165325239339,0.591779163373199,0.694765709276324,0.895762430069013,0.650336722735082,0.181332895798149,0.425094679092136,0.359581015947788,0.491454826604844,0.401921829148261,0.196174572534235,2,24,FALSE
"107","2_494_1",0,0.777596074714381,0.20053192719921,0.20053192719921,0.423600354079604,0.32199419610002,0.747189895597556,0,0.504154928758207,0.818668236367615,0.640237559913239,0.784606717347792,0.583331958236745,0.967557081752345,0.126724226037851,0.453877064652042,1,26,FALSE
"108","2_496_1",0,0.627717537579461,0.200813914274938,0.200813914274938,0.290050186857943,0.133077291916801,0.814147383080915,0.408997048425731,0.833916891099926,0.801359213704667,0.701040402600446,0.246596773440847,0.628656252875802,0.660219784095991,0.249140344753481,0.369711942318312,1,26,FALSE
"109","2_499_1",0,0.610936707311093,0.200499241670618,0.200499241670618,0.400482326891199,0.221857537506007,0.958949745301951,0.879024973560393,0.69188227964405,0.660550839672902,0.813360268744061,0.33394075099304,0.511510384674914,0.834897577958064,0.155207649047057,0.341381308241095,1,26,FALSE
"110","2_500_1",0,0.419805133374853,0.202391910123564,0.202391910123564,0.616346715582135,0.545340830654134,0.426544819714104,0.732275155480779,0.933637487358302,0.416811370523994,0.321201050566112,0.228965298768374,0.910344392016405,0.492153716526192,0.559963539816081,0.064389947807404,3,37,FALSE
