"","display_alphas","display_gammas","display_thetas","paid_search_alphas","paid_search_gammas","paid_search_thetas","social_alphas","social_gammas","social_thetas","tv_alphas","tv_gammas","tv_thetas","train_size","tv_inflexion","paid_search_inflexion","social_inflexion","display_inflexion","tv_inflation","paid_search_inflation","social_inflation","display_inflation","rsq_train","rsq_val","rsq_test","nrmse_train","nrmse_val","nrmse_test","nrmse","decomp.rssd","mape","lambda","lambda_hp","lambda_max","lambda_min_ratio","pos","Elapsed","ElapsedAccum","solID","trial","iterNG","iterPar","iterations","coef0","mape.qt10","robynPareto","error_score","cluster","top_sol"
"1",1.5782045085,0.285117521437,0.15829838592,1.70990187125,0.393249478645,0.42424537696,1.948274612,0.655540382872,0.47572406584,1.643114883,0.351870897313,0.11116845088,1,29552.94421499,31200.773223563,30670.3663330573,4986.841160941,1.12437423942518,1.72696668019824,1.89807169566258,1.1861066775299,0.024161455942432,NA,NA,0.200775696726399,NA,NA,0.200775696726399,0.784112292738633,0,125.543956525342,0.001445048058,81263.2971590817,1e-04,0,0.0491251945495605,12.7855207920074,"1_232_1",1,232,1,232,TRUE,TRUE,6,0.124082619491494,4,FALSE
"2",1.5726726425,0.257954058451,0.016737819192,0.67157348835,0.417221999074,0.4130450524,0.77712517125,0.697234749553,0.63647994712,1.89390038875,0.779771089846,0.12538980208,1,66183.1148461293,32598.7626197802,43567.9240000447,3910.84805633198,1.14254627609017,1.69456924357504,2.71929051368411,1.016857091616,0.0337766581475366,NA,NA,0.19978409932548,NA,NA,0.19978409932548,0.79952959543055,0,146.867031410299,0.001707469202,81263.2971590817,1e-04,0,0.0414261817932129,12.8861818313599,"1_234_1",1,234,1,234,TRUE,TRUE,1,0.116427764871855,4,FALSE
"3",1.75724321775,0.0941849164387,0.1192903816,0.968220892,0.272072859697,0.34426382432,2.3935506055,0.816645462238,0.79474477864,1.74804365575,0.885035670751,0.15018810504,1,76536.1594648609,19442.6286099899,81724.689839476,1582.94475700496,1.17567431818751,1.51939398065011,4.71953121621528,1.13406718889762,0.0301200638417417,NA,NA,0.2001617757465,NA,NA,0.2001617757465,1.05596723280907,0,269.516525259673,0.003216905372,81263.2971590817,1e-04,0,0.0412778854370117,13.1932287216187,"1_240_1",1,240,1,240,TRUE,TRUE,6,0.169329400688915,4,FALSE
"4",1.5782045085,0.285117521437,0.15829838592,1.70990187125,0.460831359187,0.42424537696,1.948274612,0.655540382872,0.47572406584,1.643114883,0.351870897313,0.11116845088,1,29552.94421499,36562.7814227306,30670.3663330573,4986.841160941,1.12437423942518,1.72696668019824,1.89807169566258,1.1861066775299,0.0249442849137311,NA,NA,0.200695148275406,NA,NA,0.200695148275406,0.789388179288607,0,125.543956525342,0.001445048058,81263.2971590817,1e-04,0,0.040334939956665,14.3559417724609,"1_262_1",1,262,1,262,TRUE,TRUE,6,0.123942579335501,4,FALSE
"5",1.44550174375,0.383288424355,0.54843261592,0.89663781525,0.385951686913,0.5586344948,0.5079490878075,0.52750972306,0.26353865032,1.56651632525,0.0445192018633,0.14829618512,1,3844.36985003098,37695.1665074826,19447.766837835,10874.4987329379,1.17307960168779,2.24019010448896,1.35575596539671,2.19247134340975,0.00065649832881487,NA,NA,0.203179344104124,NA,NA,0.203179344104124,0.240426647632106,0,505.044199529562,0.006115523046,81263.2971590817,1e-04,0,0.0424799919128418,14.9499146938324,"1_273_1",1,273,1,273,TRUE,TRUE,1,0.128772096467785,3,FALSE
"6",1.46530206475,0.0663693491152,0.078857141512,0.83381462625,0.354281213584,0.36432708672,0.6006217751,0.702781918741,0.68759316384,2.15088463425,0.605128860667,0.10880567264,1,50735.6868674393,25963.9129083135,49526.6665270606,1070.77860540695,1.12141075573437,1.56665750067691,3.15159182815386,1.0847531179521,0.0320408401679435,NA,NA,0.199963474633986,NA,NA,0.199963474633986,1.10268544130534,0,418.09024539714,0.005045388638,81263.2971590817,1e-04,0,0.0512139797210693,16.2737019062042,"1_298_1",1,298,1,298,TRUE,TRUE,4,0.177291200315615,4,FALSE
"7",1.46530206475,0.0663693491152,0.078857141512,0.618680040625,0.354281213584,0.36432708672,0.6006217751,0.702781918741,0.68759316384,2.15088463425,0.605128860667,0.10880567264,1,50735.6868674393,25963.9129083135,49526.6665270606,1070.77860540695,1.12141075573437,1.56665750067691,3.15159182815386,1.0847531179521,0.0323387660462728,NA,NA,0.199932699121418,NA,NA,0.199932699121418,1.05370436151577,0,418.09024539714,0.005045388638,81263.2971590817,1e-04,0,0.0483810901641846,17.88405585289,"1_328_1",1,328,1,328,TRUE,TRUE,3,0.167420443441461,4,FALSE
"8",1.6554585025,0.63193268071,0.04362828404,0.5493657196,0.363990045277,0.31083565104,0.9635642095,0.835834274353,0.78852777288,1.6780791265,0.374164165486,0.0927311072,1,31006.9066739568,24973.8404347541,81433.8901128791,9841.38209708642,1.10165557428193,1.44664071155581,4.58745669175623,1.04517001314904,0.0247901012343988,NA,NA,0.200711015416497,NA,NA,0.200711015416497,0.78299123986614,0,114.095731870506,0.001304155798,81263.2971590817,1e-04,0,0.0525507926940918,17.9460577964783,"1_329_1",1,329,1,329,TRUE,TRUE,5,0.123002626976646,4,FALSE
"9",1.493901167,0.491253315103,0.04101787916,2.0822017015,0.457680888325,0.36432708672,0.6006217751,0.702781918741,0.68759316384,2.15088463425,0.605128860667,0.12109049304,1,51196.6474028361,33541.678950618,49526.6665270606,7630.57394255689,1.13699117719618,1.56665750067691,3.15159182815386,1.04235220740787,0.0253958891982385,NA,NA,0.200648666169608,NA,NA,0.200648666169608,0.798159994006572,0,202.340469000642,0.002390175755,81263.2971590817,1e-04,0,0.0408427715301514,19.4780068397522,"1_358_1",1,358,1,358,TRUE,TRUE,5,0.124926634077789,4,FALSE
"10",1.22012535525,0.499418253775,0.31642695104,0.6635963588,0.0294590603845,0.51932065136,1.36333611,0.640088061031,0.26353865032,1.56651632525,0.0445192018633,0.14829618512,1,3844.36985003098,2693.26380754354,23598.2064831001,10353.7889708045,1.17307960168779,2.0611426158963,1.35575596539671,1.45734429742972,0.00929281474514465,NA,NA,0.202299502166532,NA,NA,0.202299502166532,0.451545888814545,0,505.044199529562,0.006115523046,81263.2971590817,1e-04,0,0.0409419536590576,19.7355997562408,"1_363_1",1,363,1,363,TRUE,TRUE,6,0.111329058922451,4,FALSE
"11",1.5743334385,0.177739172029,0.036531053136,0.84815306125,0.448138186354,0.46011369968,1.05423676575,0.689453368858,0.61397885824,1.8230539095,0.665297746147,0.14260726928,1,57202.3102480763,37412.3183627768,41089.1789442717,2748.44788374386,1.16534570991677,1.83954378031869,2.56427079295273,1.03754443073511,0.0303623571641426,NA,NA,0.200136772192379,NA,NA,0.200136772192379,0.885162398968208,0,633.688327165258,0.007698734629,81263.2971590817,1e-04,0,0.0470709800720215,19.8925979137421,"1_366_1",1,366,1,366,TRUE,TRUE,5,0.135861739093007,4,FALSE
"12",1.11184081,0.399797540011,0.39257441736,1.643668954,0.52197763672,0.34611791488,0.76613659325,0.753464809153,0.40033818504,2.0076908455,0.0636183870409,0.09581610264,1,5283.79497340382,37387.1607556982,32033.9383287859,9075.31467532444,1.10539295173496,1.52364254619386,1.66210188447922,1.63770247089874,0.0111492197899444,NA,NA,0.202109877060846,NA,NA,0.202109877060846,0.469345507776297,0,466.473654012327,0.005640838849,81263.2971590817,1e-04,0,0.0408720970153809,20.0444488525391,"1_369_1",1,369,1,369,TRUE,TRUE,5,0.10768134263597,3,FALSE
"13",2.06129255275,0.871034784742,0.45916181616,1.610299958,0.21982592224,0.50338180544,1.2898627065,0.63774821989,0.53888981352,1.15899552675,0.478783128286,0.10348242384,1,39986.8524310661,19593.4140824819,33043.1600358583,21581.3027809273,1.11479087084974,1.99642320898904,2.15396314563908,1.83633999886851,0.0066359725105205,NA,NA,0.202570580243212,NA,NA,0.202570580243212,0.387500915695393,0,13.4969072832727,6.609520985e-05,81263.2971590817,1e-04,0,0.0482020378112793,20.4186198711395,"1_376_1",1,376,1,376,TRUE,TRUE,6,0.114744916837216,3,FALSE
"14",1.46530206475,0.0663693491152,0.078857141512,0.618680040625,0.354281213584,0.42209162808,0.957378879,0.656398219258,0.43719547568,2.358455027,0.233714297719,0.074430823384,1,19116.0480655531,28025.6446713228,29143.786482028,1070.77860540695,1.0799933297615,1.72064155947595,1.76970464626675,1.0847531179521,0.0315071331471808,NA,NA,0.200018594316656,NA,NA,0.200018594316656,1.04119207952975,0,418.09024539714,0.005045388638,81263.2971590817,1e-04,0,0.0419890880584717,21.0549008846283,"1_388_1",1,388,1,388,TRUE,TRUE,4,0.165473261597397,4,FALSE
"15",2.300572833,0.992860808149,0.46302817776,1.346393698,0.239584074445,0.55197647144,0.885312884,0.674686563112,0.59354937912,1.83361436,0.27010155754,0.09695818952,1,22451.6927453318,23130.7802609229,38609.6425313598,24732.6265382676,1.10678297562428,2.20771887299709,2.43800600019897,1.84935943297206,0.00593844078671657,NA,NA,0.202641689426762,NA,NA,0.202641689426762,0.289593553137675,0,32.0904615127364,0.0002949243913,81263.2971590817,1e-04,0,0.0414400100708008,21.3666477203369,"1_394_1",1,394,1,394,TRUE,TRUE,3,0.113370128534936,3,FALSE
"16",1.5743334385,0.177739172029,0.036531053136,0.84815306125,0.448138186354,0.46011369968,1.05423676575,0.927117473239,0.34826076256,2.028529056,0.656929132201,0.14352003208,1,56521.9171009682,37412.3183627768,37228.8768199697,2748.44788374386,1.1665797293218,1.83954378031869,1.53052217243835,1.03754443073511,0.0303742221755927,NA,NA,0.200135547697654,NA,NA,0.200135547697654,0.884444767761016,0,633.688327165258,0.007698734629,81263.2971590817,1e-04,0,0.0417611598968506,21.4824278354645,"1_396_1",1,396,1,396,TRUE,TRUE,4,0.135712680814217,4,FALSE
"17",1.06605965125,0.328941418213,0.10012873792,0.589718587975,0.278831258938,0.30479196472,0.734309754975,0.805897264294,0.66222207856,1.49124360925,0.366070605121,0.15998964672,1,31896.848517224,18993.8635565776,53371.3936377021,5422.11462682268,1.18930208454172,1.43421973923356,2.92117627359445,1.11014729005805,0.0278028914033082,NA,NA,0.200400739682937,NA,NA,0.200400739682937,0.712168195761965,0,51.0690763059586,0.0005284924781,81263.2971590817,1e-04,0,0.0483360290527344,22.4116988182068,"1_413_1",1,413,1,413,TRUE,TRUE,1,0.106129047384171,4,TRUE
"18",1.578522297,0.584349974209,0.20757126944,1.46559477375,0.251476325101,0.19726615736,1.76171734375,0.855165538657,0.2406961968,0.75728225275,0.1005857434405,0.14566476728,1,8668.47990902374,15180.7822150755,30843.0591097034,10757.8213322844,1.16948960126181,1.24398289610436,1.31523891918253,1.25911147369987,0.0181292921642853,NA,NA,0.201395290012413,NA,NA,0.201395290012413,0.47477130682616,0,283.953408459804,0.003394578781,81263.2971590817,1e-04,0,0.0407037734985352,22.5179007053375,"1_415_1",1,415,1,415,TRUE,TRUE,4,0.0896987132024664,3,FALSE
"19",2.85502347675,0.50056450498,0.164182608,2.49981413675,0.752986932886,0.4328233824,0.91103180275,0.62008299451,0.1526973476,0.762690122,0.755805711673,0.1120488516,1,63519.654456137,60459.1603526486,20597.5139871008,8808.34259994929,1.12548246719284,1.75262418436025,1.17938469190098,1.19437556178976,0.0266732114290474,NA,NA,0.200517137362723,NA,NA,0.200517137362723,0.597257400303074,0,75.5149352740486,0.0008293454419,81263.2971590817,1e-04,0,0.047443151473999,22.9326689243317,"1_423_1",1,423,1,423,TRUE,TRUE,1,0.0878642847002372,3,FALSE
"20",2.300572833,0.992860808149,0.46302817776,1.37308889475,0.481305446029,0.42616535896,0.53366800645,0.767259834562,0.48270807632,2.512570615,0.0820302354244,0.09695818952,1,6818.61170424061,38288.7456730681,36284.8470024591,24732.6265382676,1.10678297562428,1.73264438983918,1.923350023382,1.84935943297206,0.00912840499726641,NA,NA,0.202316287464381,NA,NA,0.202316287464381,0.430353324564966,0,32.0904615127364,0.0002949243913,81263.2971590817,1e-04,0,0.0403101444244385,22.9825978279114,"1_424_1",1,424,1,424,TRUE,TRUE,6,0.110227251556102,3,FALSE
"21",1.47180260675,0.296456944312,0.22098533176,2.456884258,0.387593415496,0.21335322968,2.293268291,0.708775399333,0.44523063584,1.6662431705,0.0795234174085,0.11046282608,1,6675.56086379578,23806.1221092477,31780.361183175,5535.5824247903,1.12348758487043,1.26919118824384,1.79502929999623,1.28057310638372,0.0204003417103199,NA,NA,0.201162243307888,NA,NA,0.201162243307888,0.565844461048556,0,330.186923724885,0.00396357045,81263.2971590817,1e-04,0,0.0404989719390869,23.0322687625885,"1_425_1",1,425,1,425,TRUE,TRUE,6,0.0955105960035668,2,FALSE
"22",1.5743334385,0.177739172029,0.036531053136,0.84815306125,0.448138186354,0.50747926104,1.30151624125,0.697493943433,0.2804830728,1.6589188715,0.167001187915,0.14734095456,1,14410.5567483358,40202.0048124154,26143.0943495195,2748.44788374386,1.17177385987466,2.01267116791792,1.38745476683754,1.03754443073511,0.0304829121828799,NA,NA,0.200124330306233,NA,NA,0.200124330306233,0.843176768126444,0,530.773025007948,0.006432165362,81263.2971590817,1e-04,0,0.0464229583740234,23.0887079238892,"1_426_1",1,426,1,426,TRUE,TRUE,3,0.127660551847663,4,FALSE
"23",1.05161422,0.946057066219,0.5846447204,2.37109141575,0.352670033431,0.4334469544,1.7250579845,0.584501169088,0.55975000712,0.941935191,0.637060084849,0.1639551124,1,55680.1506938737,28341.4576266952,31410.4442476395,28588.3792612706,1.19490539987033,1.75451893110682,2.25423506313873,2.37940908086326,0.00365510367999733,NA,NA,0.202874287643038,NA,NA,0.202874287643038,0.357733473077384,0,56.5549199438141,0.000596006257,81263.2971590817,1e-04,0,0.0412847995758057,23.2985877990723,"1_430_1",1,430,1,430,TRUE,TRUE,6,0.12210287252203,3,FALSE
"24",2.0394228805,0.756122883121,0.23961844608,0.9176102395,0.280454283748,0.50636445392,0.7094490573,0.350789311225,0.61818735888,1.3805188715,0.169453313074,0.1299377644,1,14431.2400797283,25114.9741581626,21087.2039359749,14401.8214047023,1.14848184703598,2.00822451513497,2.59191412149668,1.31163059714449,0.0129758942500557,NA,NA,0.201923115006581,NA,NA,0.201923115006581,0.497182450994274,0,186.342579469115,0.002193291183,81263.2971590817,1e-04,0,0.0405170917510986,23.515763759613,"1_434_1",1,434,1,434,TRUE,TRUE,6,0.105384145700477,3,FALSE
"25",0.942807088,0.192559949704,0.072909832544,0.5306163713,0.478329017761,0.30479196472,0.734309754975,0.805897264294,0.66222207856,1.43102543625,0.623311727743,0.16934441592,1,54708.306701992,32583.5637406938,53371.3936377021,3088.16386482548,1.20260550203544,1.43421973923356,2.92117627359445,1.07786062627548,0.0291067130643041,NA,NA,0.200266315045564,NA,NA,0.200266315045564,0.81721131266757,0,328.363681686864,0.003941131976,81263.2971590817,1e-04,0,0.042151927947998,24.0070989131927,"1_443_1",1,443,1,443,TRUE,TRUE,3,0.124064765807668,4,FALSE
"26",2.75778194175,0.129944460097,0.001010601016,1.0033149095,0.783508932955,0.37177250816,2.7292473045,0.665174341756,0.4829057988,1.56854690925,0.129592973467,0.08169487312,1,10654.6621888745,57969.6910088783,31466.693573211,1943.40193712357,1.08848938355515,1.58494865723079,1.92407542527925,1.00100183307394,0.0431989381983239,NA,NA,0.198807599716819,NA,NA,0.198807599716819,1.06512573131805,0,199.096396689099,0.002350251252,81263.2971590817,1e-04,0,0.0455830097198486,24.0666627883911,"1_444_1",1,444,1,444,TRUE,TRUE,1,0.166412308171569,2,FALSE
"27",1.475853581,0.495836379622,0.05286554752,1.30000996475,0.201767690719,0.39564979688,2.07237169225,0.74412678592,0.12794329664,0.86433828875,0.127557450604,0.16534472248,1,11160.8165891246,15400.8344480029,24159.1316948193,7793.61019774471,1.19688142516352,1.64658162707582,1.14606919481768,1.05526540403289,0.0213855718581913,NA,NA,0.201061058623572,NA,NA,0.201061058623572,0.600866410504675,0,389.86769368818,0.00469805626,81263.2971590817,1e-04,0,0.0412600040435791,24.3273208141327,"1_449_1",1,449,1,449,TRUE,TRUE,6,0.0984670479201949,4,FALSE
"28",2.93281670475,0.797060540926,0.2947202136,2.3029864815,0.728569332712,0.48166408176,1.54354059875,0.584009916733,0.1526973476,0.881995308,0.743224097782,0.1363320344,1,63600.050443962,62801.7863966953,19399.2619294764,16124.3686767976,1.15693175866469,1.91448750334355,1.17938469190098,1.41298100421757,0.0145553761395404,NA,NA,0.201761486938547,NA,NA,0.201761486938547,0.454475138731997,0,39.6028932914333,0.0003873792062,81263.2971590817,1e-04,0,0.0407710075378418,24.5462927818298,"1_453_1",1,453,1,453,TRUE,TRUE,4,0.097139028252302,3,FALSE
"29",1.5743334385,0.177739172029,0.036531053136,0.84815306125,0.448138186354,0.50747926104,1.30151624125,0.768212546905,0.4972012352,0.881717699,0.167001187915,0.14734095456,1,14410.5567483358,40202.0048124154,37163.3111754516,2748.44788374386,1.17177385987466,2.01267116791792,1.97800497443878,1.03754443073511,0.0304848886419968,NA,NA,0.200124126319236,NA,NA,0.200124126319236,0.847823998314572,0,530.773025007948,0.006432165362,81263.2971590817,1e-04,0,0.041093111038208,24.6967558860779,"1_456_1",1,456,1,456,TRUE,TRUE,3,0.128552472758073,4,FALSE
"30",0.93358879525,0.19954863631,0.019379161552,1.434656704,0.0622983209122,0.44777815392,1.70895978475,0.654180275035,0.66251459048,1.266776577,0.621354041947,0.172026624,1,54651.4385157646,5109.03196107231,43353.5647864208,3033.33530927042,1.20647473819001,1.79921620630625,2.92364170964761,1.01956964149041,0.0251015039872128,NA,NA,0.200678967468098,NA,NA,0.200678967468098,0.788918984126517,0,420.91641188319,0.005080170012,81263.2971590817,1e-04,0,0.0493061542510986,24.7553317546844,"1_457_1",1,457,1,457,TRUE,TRUE,5,0.123644755608567,4,FALSE
"31",1.05161422,0.946057066219,0.5846447204,2.37109141575,0.352670033431,0.4334469544,1.754385472,0.801032664763,0.55975000712,0.941935191,0.637060084849,0.1639551124,1,55680.1506938737,28341.4576266952,43046.6065556974,28588.3792612706,1.19490539987033,1.75451893110682,2.25423506313873,2.37940908086326,0.00365510367999733,NA,NA,0.202874287643038,NA,NA,0.202874287643038,0.357733473077384,0,56.5549199438141,0.000596006257,81263.2971590817,1e-04,0,0.0411150455474854,24.9070997238159,"1_460_1",1,460,1,460,TRUE,TRUE,6,0.12210287252203,3,FALSE
"32",2.743237143,0.821499389272,0.29075859432,1.37416671525,0.358949311183,0.56988900704,1.79441901175,0.534105683398,0.09212600464,0.592308544275,0.911804642893,0.0858992816,1,75191.0089376523,35763.0483592068,16775.1963215963,16545.4594915245,1.09346805609467,2.29729847036464,1.1010565383824,1.40517426788781,0.0086048605999699,NA,NA,0.202369729086703,NA,NA,0.202369729086703,0.320536125497917,0,29.0818247260872,0.0002578973719,81263.2971590817,1e-04,0,0.0413041114807129,25.0202789306641,"1_462_1",1,462,1,462,TRUE,TRUE,4,0.106162350984416,3,FALSE
"33",1.47487783075,0.642183658084,0.09638880336,1.244511216,0.552564016588,0.27568370136,2.91279928275,0.664592301253,0.57402536552,0.79013762575,0.512953319836,0.14656084232,1,44236.4996481666,36382.4122960716,36653.5349239438,10545.5173318734,1.17070964079564,1.3772466033682,2.32837991533136,1.10559634668744,0.0237404354082893,NA,NA,0.200819003877964,NA,NA,0.200819003877964,0.68108002805915,0,264.327855256159,0.003153048882,81263.2971590817,1e-04,0,0.0411951541900635,25.1715106964111,"1_465_1",1,465,1,465,TRUE,TRUE,6,0.106848121659016,4,FALSE
"34",0.96386614275,0.655710095602,0.28486102016,1.01693111975,0.156909523915,0.54479684488,0.688449961,0.346089515608,0.6161651004,2.60238035075,0.10902883573,0.12379169264,1,9242.83852153523,14963.8949153145,20718.2855025589,13120.1139345953,1.14047506694748,2.17373905896198,2.57855742332647,1.39371109021556,0.0107127531335736,NA,NA,0.202154476555534,NA,NA,0.202154476555534,0.411526530817746,0,327.088951216935,0.003925443984,81263.2971590817,1e-04,0,0.0515689849853516,25.4427318572998,"1_470_1",1,470,1,470,TRUE,TRUE,4,0.104454903418064,4,FALSE
"35",0.942807088,0.192559949704,0.072909832544,0.5306163713,0.478329017761,0.50964223296,1.01706503125,0.805897264294,0.66222207856,1.43102543625,0.623311727743,0.16934441592,1,54708.306701992,43057.7554684935,53371.3936377021,3088.16386482548,1.20260550203544,2.02135483035799,2.92117627359445,1.07786062627548,0.0259065216481588,NA,NA,0.200596095519257,NA,NA,0.200596095519257,0.807262309690067,0,328.363681686864,0.003941131976,81263.2971590817,1e-04,0,0.0409839153289795,25.5988209247589,"1_473_1",1,473,1,473,TRUE,TRUE,5,0.125928168147326,4,FALSE
"36",1.578522297,0.584349974209,0.20757126944,1.46559477375,0.251476325101,0.19726615736,2.40910201875,0.677655660628,0.166923588,0.73011638835,0.1005857434405,0.14566476728,1,8668.47990902374,15180.7822150755,22808.1341516838,10757.8213322844,1.16948960126181,1.24398289610436,1.19941964025301,1.25911147369987,0.0181277216786174,NA,NA,0.201395451076537,NA,NA,0.201395451076537,0.475329706989296,0,283.953408459804,0.003394578781,81263.2971590817,1e-04,0,0.0459499359130859,25.7063028812408,"1_475_1",1,475,1,475,TRUE,TRUE,5,0.0897621941310489,3,FALSE
"37",1.02079284125,0.0581624667766,0.031688194416,0.8548950845,0.0293621884984,0.10831484944,1.60170429625,0.893355554719,0.12794329664,0.86433828875,0.127557450604,0.1403652952,1,10948.7801291382,1617.19354453651,29004.0553641285,895.048831783838,1.16232566348143,1.120782455026,1.14606919481768,1.0324049565351,0.0336411282108215,NA,NA,0.199798110463348,NA,NA,0.199798110463348,0.824542428625517,0,351.296024168166,0.00422335823,81263.2971590817,1e-04,0,0.052213191986084,25.9277548789978,"1_479_1",1,479,1,479,TRUE,TRUE,2,0.121423455698743,4,FALSE
"38",1.444479151,0.368440499197,0.10305538808,0.970914989,0.344842370038,0.34657423392,2.53123137575,0.44868573694,0.51347349672,0.8166877435,0.885035670751,0.059542510456,1,71855.2284458297,24713.705891069,22280.907427263,6091.20272077222,1.06298684032681,1.52469180289274,2.04317155512791,1.11373491828771,0.0267818944036633,NA,NA,0.20050594204395,NA,NA,0.20050594204395,0.740501566529375,0,51.7652156405015,0.0005370598016,81263.2971590817,1e-04,0,0.0423071384429932,25.9794297218323,"1_480_1",1,480,1,480,TRUE,TRUE,3,0.112627512335599,4,FALSE
"39",2.93281670475,0.797060540926,0.2947202136,2.3029864815,0.728569332712,0.34016638816,0.89615592375,0.761519794762,0.5603171324,1.369393949,0.441501303673,0.15525812424,1,38329.0541205286,51800.8389317067,40964.805533128,16124.3686767976,1.18268443737307,1.51008787099748,2.25709094897269,1.41298100421757,0.0182573673074548,NA,NA,0.201382154590619,NA,NA,0.201382154590619,0.493508725124671,0,48.7758397014284,0.0005002698237,81263.2971590817,1e-04,0,0.0517048835754395,26.1473078727722,"1_483_1",1,483,1,483,TRUE,TRUE,4,0.0914270388569715,3,FALSE
"40",2.97391191875,0.660818052973,0.24757831936,2.23660689625,0.797963585662,0.39860747304,1.71603152575,0.753464809153,0.40033818504,2.0076908455,0.200898711289,0.09817871216,1,16714.0963454676,61148.0721368848,32033.9383287859,12694.6818406678,1.10827232092494,1.65454926984042,1.66210188447922,1.32536277366453,0.0200081397116113,NA,NA,0.201202508909192,NA,NA,0.201202508909192,0.474693590177092,0,208.953766656831,0.002471565008,81263.2971590817,1e-04,0,0.0412609577178955,26.4685218334198,"1_489_1",1,489,1,489,TRUE,TRUE,3,0.0849174565996539,2,FALSE
"41",2.8443315115,0.777811805992,0.26377215,1.6029200605,0.454697869627,0.64556453192,0.57428772365,0.653882837455,0.57863653984,1.0442108,0.466212453895,0.16631785528,1,40822.8889748003,52703.6202597605,36373.1128569905,15206.7128895572,1.19826910067547,2.77225304793348,2.35337738796534,1.35420790797369,0.00881399745979095,NA,NA,0.202348382803951,NA,NA,0.202348382803951,0.426518536893116,0,119.556761731164,0.001371364196,81263.2971590817,1e-04,0,0.040848970413208,13.6321420669556,"2_258_1",2,258,1,258,TRUE,TRUE,6,0.110849627941652,3,FALSE
"42",2.6723153545,0.943264960309,0.27262492536,1.60244893025,0.452100872422,0.63566422688,1.131088547,0.634139850763,0.55427004368,1.2169364645,0.477078285916,0.16534315616,1,41742.5773240083,51175.8460612778,33747.3979798946,18620.8375243098,1.19687919419136,2.69926864357247,2.22700534408853,1.37051454975051,0.00597767150084783,NA,NA,0.202637690752559,NA,NA,0.202637690752559,0.366037249154761,0,257.178104949272,0.003065057555,81263.2971590817,1e-04,0,0.0408060550689697,14.5878479480743,"2_276_1",2,276,1,276,TRUE,TRUE,6,0.115629608883382,3,FALSE
"43",2.8443315115,0.777811805992,0.26377215,1.6029200605,0.558067006531,0.19001627456,1.69980774625,0.349005502099,0.63784140424,1.0442108,0.466212453895,0.16631785528,1,40822.8889748003,33429.5507654572,21872.9253386519,15206.7128895572,1.19826910067547,1.23294450655198,2.72927021690472,1.35420790797369,0.0173250215429671,NA,NA,0.201477756653783,NA,NA,0.201477756653783,0.540714347983584,0,119.556761731164,0.001371364196,81263.2971590817,1e-04,0,0.0411009788513184,15.2260708808899,"2_288_1",2,288,1,288,TRUE,TRUE,6,0.099285262525069,1,FALSE
"44",2.47949026125,0.775699243804,0.3762797536,1.71360794225,0.525864383353,0.5998148328,0.911052018,0.707851911493,0.52236414688,1.02993810325,0.186105350971,0.23626282224,1,17482.4135308575,55379.8387403802,35668.2636039502,17257.336979813,1.30716270631467,2.4642966405239,2.08061358619512,1.59545570811409,0.00623919409486118,NA,NA,0.202611032487896,NA,NA,0.202611032487896,0.329358697517422,0,396.384009641502,0.004778251968,81263.2971590817,1e-04,0,0.0464420318603516,15.3314559459686,"2_290_1",2,290,1,290,TRUE,TRUE,5,0.113460289462114,3,FALSE
"45",2.8403673045,0.436646230219,0.22413512888,1.80978380175,0.735704451208,0.17102023176,2.364819054,0.279166707964,0.6833056472,2.676515011,0.664706989288,0.016579802536,1,53278.16948339,43197.4709808318,19460.6433113796,8180.54692110243,1.0167778619828,1.20492345126456,3.1101495016449,1.28571927489225,0.0296192887707215,NA,NA,0.200213443529506,NA,NA,0.200213443529506,0.836694946358179,0,167.453439197277,0.001960824251,81263.2971590817,1e-04,0,0.0410749912261963,16.0042779445648,"2_303_1",2,303,1,303,TRUE,TRUE,3,0.127244921399831,1,FALSE
"46",2.6723153545,0.943264960309,0.27262492536,1.7527984845,0.456648381883,0.42999065336,1.131088547,0.634139850763,0.55469082712,1.4063323895,0.254774835811,0.2220023104,1,23555.0208779681,36520.7382298691,33772.5296377421,18620.8375243098,1.28339088937055,1.74406782502772,2.22907298641722,1.37051454975051,0.0105457997714145,NA,NA,0.202171533757992,NA,NA,0.202171533757992,0.309266862884344,0,27.6472418848938,0.0002402420913,81263.2971590817,1e-04,0,0.0412631034851074,16.1662700176239,"2_306_1",2,306,1,306,TRUE,TRUE,3,0.100055447827035,3,FALSE
"47",2.47949026125,0.775699243804,0.25456405384,1.79054863,0.525864383353,0.5998148328,0.911052018,0.707851911493,0.52236414688,1.02993810325,0.186105350971,0.23626282224,1,17482.4135308575,55379.8387403802,35668.2636039502,15014.4721004837,1.30716270631467,2.4642966405239,2.08061358619512,1.33765379268017,0.00808553090698949,NA,NA,0.202422726547212,NA,NA,0.202422726547212,0.338583807361305,0,396.384009641502,0.004778251968,81263.2971590817,1e-04,0,0.0513761043548584,17.0665469169617,"2_320_1",2,320,1,320,TRUE,TRUE,5,0.108311912104589,3,FALSE
"48",2.684519784,0.776460734677,0.29098561672,1.7212205245,0.457077542131,0.39223691384,1.36845899675,0.674009783767,0.54387715896,1.61433162875,0.308472704992,0.21492456936,1,28297.0115413088,34731.3177412898,35223.0494574988,15642.3112496012,1.2719094116265,1.63748198571382,2.17712076821887,1.4056193051479,0.0119464170075606,NA,NA,0.202028391602469,NA,NA,0.202028391602469,0.49403734086373,0,226.31991493514,0.002685288616,81263.2971590817,1e-04,0,0.0404081344604492,17.320072889328,"2_325_1",2,325,1,325,TRUE,TRUE,6,0.107792509199527,3,FALSE
"49",2.8403673045,0.436646230219,0.22413512888,1.80978380175,0.735704451208,0.17102023176,2.364819054,0.279166707964,0.6833056472,2.676515011,0.664706989288,0.079252551216,1,54554.681159668,43197.4709808318,19460.6433113796,8180.54692110243,1.08561800026238,1.20492345126456,3.1101495016449,1.28571927489225,0.0295960495802744,NA,NA,0.200215840923865,NA,NA,0.200215840923865,0.806051754891983,0,198.107312759337,0.002338078686,81263.2971590817,1e-04,0,0.045943021774292,17.7334899902344,"2_333_1",2,333,1,333,TRUE,TRUE,2,0.121438942494936,1,FALSE
"50",2.6723153545,0.943264960309,0.27262492536,1.7527984845,0.456648381883,0.42999065336,1.131088547,0.634139850763,0.55469082712,1.4063323895,0.254774835811,0.2220023104,1,23555.0208779681,36520.7382298691,33772.5296377421,18620.8375243098,1.28339088937055,1.74406782502772,2.22907298641722,1.37051454975051,0.0100021399207612,NA,NA,0.202227068138457,NA,NA,0.202227068138457,0.382363687101319,0,147.543555949742,0.001715795128,81263.2971590817,1e-04,0,0.0408158302307129,17.8844480514526,"2_336_1",2,336,1,336,TRUE,TRUE,4,0.104715221716916,NA,NA
"51",2.98543387375,0.522079950448,0.28776606744,1.6612606745,0.585051234274,0.32934813968,1.34040077675,0.595345615129,0.58175853656,2.793722945,0.124618905379,0.24950228088,1,11882.8849331865,41048.047321856,33311.2685320009,10480.0361609737,1.33003106411357,1.48605306322572,2.37060718708553,1.39933418621203,0.0207830539829864,NA,NA,0.201122944202627,NA,NA,0.201122944202627,0.339706308718203,0,23.9933320369249,0.000195273755,81263.2971590817,1e-04,0,0.0405158996582031,18.04722905159,"2_339_1",2,339,1,339,TRUE,TRUE,1,0.0710811602671907,2,FALSE
"52",2.6534513755,0.88846779196,0.26962057176,1.76577132775,0.458917314373,0.4197438004,1.08232352325,0.641088842923,0.4473980108,1.35294134275,0.292683778894,0.22757109856,1,27228.0535690211,36186.0016888889,28822.5001604601,17481.4339996314,1.29257068293306,1.71379875082376,1.80198425292176,1.36493671215825,0.00998644744494792,NA,NA,0.20222867088475,NA,NA,0.20222867088475,0.475917190764641,0,258.983201570073,0.003087272715,81263.2971590817,1e-04,0,0.0403151512145996,18.4102048873901,"2_346_1",2,346,1,346,TRUE,TRUE,6,0.111411433577483,3,FALSE
"53",2.9311887285,0.607302967987,0.30374099248,1.60450765925,0.432460993735,0.35007605864,0.863487499,0.615273761323,0.55699974264,2.442920696,0.236284210306,0.23302772808,1,22115.7288676736,31128.7500986423,32902.2918503008,12410.6284023673,1.30169332691884,1.53279190965829,2.24048682850643,1.4310851102642,0.0158589325191841,NA,NA,0.201627996683527,NA,NA,0.201627996683527,0.405375931546685,0,65.4524410153371,0.0007055072399,81263.2971590817,1e-04,0,0.0567259788513184,18.4758410453796,"2_347_1",2,347,1,347,TRUE,TRUE,3,0.0894959449194794,2,FALSE
"54",2.8591142225,0.909059860072,0.3607315736,1.35140039075,0.453841512697,0.65269091256,0.8842265545,0.644948769862,0.56935367936,1.1725174015,0.295330771693,0.23626282224,1,27742.8599026626,53530.2814458748,35266.0699836199,19847.4278841655,1.30716270631467,2.82727592880486,2.30358733067572,1.55712445727463,0.00346747979149042,NA,NA,0.202893388594452,NA,NA,0.202893388594452,0.320785277846924,0,396.384009641502,0.004778251968,81263.2971590817,1e-04,0,0.0403831005096436,18.62459897995,"2_350_1",2,350,1,350,TRUE,TRUE,5,0.121436584703972,3,FALSE
"55",2.8687439215,0.304100524333,0.26220891872,1.7756670035,0.693155299618,0.06826393596,2.371942977,0.987147693082,0.31215878632,1.8315654,0.176323535488,0.27641858584,1,17341.9946085948,36703.4513667377,38186.8163977152,5935.24206449557,1.37906960021294,1.07288976724848,1.45085073060791,1.35136872323161,0.0295977543937489,NA,NA,0.200215665053387,NA,NA,0.200215665053387,0.916916017803747,0,373.421962057358,0.004495660136,81263.2971590817,1e-04,0,0.0400869846343994,19.100653886795,"2_359_1",2,359,1,359,TRUE,TRUE,6,0.142667513368139,2,FALSE
"56",1.53582654375,0.917606264059,0.24797671528,1.7307793575,0.572489794207,0.37766990288,1.299544992,0.573280286932,0.50155604712,1.94792949875,0.0948984970141,0.15512455856,1,8237.79130412741,42680.3842167266,27925.923596415,17635.2955611742,1.18249869320649,1.59974079158273,1.99503620046883,1.32605764597205,0.0162475880070386,NA,NA,0.201588179441688,NA,NA,0.201588179441688,0.274508609469834,0,230.208724032,0.002733147836,81263.2971590817,1e-04,0,0.0453112125396729,19.4094839096069,"2_365_1",2,365,1,365,TRUE,TRUE,1,0.0821917063866399,3,FALSE
"57",2.94905008575,0.367169750443,0.21039806552,1.768676439,0.6928888528,0.28515643232,1.5664942405,0.596578967128,0.715897732,2.23558972025,0.60994017127,0.047286388136,1,49330.4554144897,46123.9849733957,45371.8017484592,6779.7010894961,1.04938286591047,1.39528758073222,3.45536233161328,1.26357401080678,0.0261009803080263,NA,NA,0.200576071981605,NA,NA,0.200576071981605,0.874418657192714,0,653.169606694019,0.007938488965,81263.2971590817,1e-04,0,0.0411360263824463,19.9345951080322,"2_375_1",2,375,1,375,TRUE,TRUE,5,0.138129245497293,2,FALSE
"58",2.9311887285,0.607302967987,0.22098303256,1.83193212875,0.805627485334,0.041511660208,2.91677199275,0.111097255402,0.79655585368,2.78733544225,0.236284210306,0.23302772808,1,22115.7288676736,41576.1067031004,11207.4683081692,11339.8168259068,1.30169332691884,1.04310197128696,4.75943762165402,1.28056936500184,0.0266214791129086,NA,NA,0.200522466034569,NA,NA,0.200522466034569,0.563395729572642,0,65.4524410153371,0.0007055072399,81263.2971590817,1e-04,0,0.0405311584472656,20.0392398834229,"2_377_1",2,377,1,377,TRUE,TRUE,1,0.0824541370113232,1,FALSE
"59",2.81095788425,0.536270374927,0.2347457512,1.83137160875,0.749455825438,0.1533956264,2.4841367675,0.235342073539,0.75972358392,2.46134579825,0.703385390269,0.13321415312,1,60049.994470105,43207.3540438908,20564.2036955183,10161.1817563035,1.15279611066069,1.18003313129991,4.06044067550218,1.30336406229028,0.0261554488616271,NA,NA,0.200570462959998,NA,NA,0.200570462959998,0.760363826287805,0,247.613117981645,0.00294734213,81263.2971590817,1e-04,0,0.0408051013946533,20.1389439105988,"2_379_1",2,379,1,379,TRUE,TRUE,4,0.117062544716955,1,FALSE
"60",2.92972717525,0.568527007456,0.23525608104,1.987719663,0.463753865323,0.1086256948,1.4768259165,0.596328988366,0.57647648952,2.5754310605,0.221952707362,0.18233602416,1,19681.9505633591,25550.2810600911,33038.3928468759,10778.2528211339,1.22158037642012,1.12117076814205,2.34160148678427,1.304224942324,0.0227521402843568,NA,NA,0.200920625539932,NA,NA,0.200920625539932,0.440478400336129,0,84.1299799677679,0.0009353700137,81263.2971590817,1e-04,0,0.0438868999481201,20.5539240837097,"2_387_1",2,387,1,387,TRUE,TRUE,1,0.0741848748554172,2,TRUE
"61",2.80821989325,0.304100524333,0.26220891872,1.7756670035,0.693155299618,0.06826393596,2.371942977,0.931369348108,0.42124707216,2.6789604065,0.297128116396,0.22354593432,1,27517.9090442725,36703.4513667377,40569.9699377704,5935.24206449557,1.28592242176564,1.07288976724848,1.72148893349512,1.35136872323161,0.0293625421956402,NA,NA,0.200239928349123,NA,NA,0.200239928349123,0.870824638843873,0,396.513151328432,0.004779841303,81263.2971590817,1e-04,0,0.0407431125640869,20.6614530086517,"2_389_1",2,389,1,389,TRUE,TRUE,4,0.134019222147535,2,FALSE
"62",2.88855500075,0.774971912683,0.29288473568,1.5857923635,0.891855572059,0.11688456672,2.41812560575,0.0996607317628,0.68919530752,1.1093225495,0.538737914386,0.09677396472,1,44775.6250322855,49543.7450197807,7052.22939410216,15645.4140561161,1.10655852151877,1.13158663008295,3.16736105777157,1.40935326645883,0.0212756113612037,NA,NA,0.201072354263753,NA,NA,0.201072354263753,0.587208110824467,0,31.6388789372841,0.0002893668056,81263.2971590817,1e-04,0,0.0407869815826416,20.9269630908966,"2_394_1",2,394,1,394,TRUE,TRUE,6,0.0966785024230683,1,FALSE
"63",1.7611904305,0.901205412922,0.31535239792,1.3372193725,0.555839724727,0.56640532616,0.67176280375,0.573280286932,0.50155604712,1.94792949875,0.0948984970141,0.31906914344,1,9820.56647926119,55036.5952607744,27925.923596415,18660.6429261143,1.46460056490786,2.27931358599826,1.99503620046883,1.45508274583363,0.0101896484736105,NA,NA,0.202207916026063,NA,NA,0.202207916026063,0.258751233007369,0,155.336796100096,0.001811705826,81263.2971590817,1e-04,0,0.0459890365600586,20.9826118946075,"2_395_1",2,395,1,395,TRUE,TRUE,2,0.100226388139915,3,FALSE
"64",2.8067569145,0.537969976237,0.23383308816,1.79838673825,0.679893237343,0.22281431608,2.11807295275,0.350161336504,0.6575826832,1.4063323895,0.254774835811,0.2220023104,1,23555.0208779681,42191.320001082,22940.3155960715,10183.4529118214,1.28339088937055,1.28449585773696,2.88261872504612,1.30182731725812,0.0253702913010029,NA,NA,0.200651301162706,NA,NA,0.200651301162706,0.444924546191069,0,27.6472418848938,0.0002402420913,81263.2971590817,1e-04,0,0.0404889583587646,21.0321979522705,"2_396_1",2,396,1,396,TRUE,TRUE,1,0.068205943417365,1,TRUE
"65",2.895364111,0.60340188061,0.24823822064,1.68294210825,0.597021387337,0.21030735192,2.00831165,0.336712257685,0.61897908248,1.5256454655,0.498378160567,0.10466480336,1,41659.2468898514,36548.6290970609,20274.1113517216,11599.9320614102,1.11625451415051,1.26434079549709,2.59718088817864,1.32651415386575,0.0219090839979716,NA,NA,0.201007272381127,NA,NA,0.201007272381127,0.612967532963321,0,45.1851078532883,0.0004560790133,81263.2971590817,1e-04,0,0.0411200523376465,21.4424710273743,"2_404_1",2,404,1,404,TRUE,TRUE,6,0.0992426628298845,1,FALSE
"66",2.9839859235,0.722155899565,0.21039806552,2.097032266,0.628139648269,0.10838960296,2.47086809525,0.601512375421,0.715897732,1.23901421725,0.132696766126,0.29727070544,1,13375.8134839836,34598.8880258098,45747.0037507889,13334.4349123524,1.41960700408235,1.12087581395567,3.45536233161328,1.26357401080678,0.0212566219414896,NA,NA,0.201074304878682,NA,NA,0.201074304878682,0.505841098120297,0,184.684486940702,0.002172885189,81263.2971590817,1e-04,0,0.0482420921325684,21.5051000118256,"2_405_1",2,405,1,405,TRUE,TRUE,4,0.0855930201389254,1,FALSE
"67",2.53372686875,0.379325978065,0.25873798472,2.017954449,0.512755895125,0.22146271768,1.76487539875,0.825445830925,0.47750048056,1.99383300825,0.947952451117,0.10423752952,1,79214.3302407549,31772.553327637,38724.8080258357,7375.55712341824,1.11572515873384,1.28228705845276,1.90443845305018,1.34510711848336,0.02562064989153,NA,NA,0.200625528295876,NA,NA,0.200625528295876,0.827788989533622,0,119.556761731164,0.001371364196,81263.2971590817,1e-04,0,0.0412259101867676,21.6580240726471,"2_408_1",2,408,1,408,TRUE,TRUE,6,0.130056411128745,2,FALSE
"68",2.95571303375,0.528854856553,0.24723476424,1.6230940835,0.59109114349,0.30517095952,1.59552903625,0.463201884487,0.55734205048,2.031322146,0.27248233924,0.16991341888,1,23926.5492963624,40282.9803358265,24785.2101067257,10155.8358744266,1.20342425330127,1.43499241976685,2.24218888841696,1.32476413854332,0.0209370791693847,NA,NA,0.20110712584013,NA,NA,0.20110712584013,0.585413818601826,0,307.29893925389,0.003681890106,81263.2971590817,1e-04,0,0.0428309440612793,21.8757829666138,"2_412_1",2,412,1,412,TRUE,TRUE,6,0.0971282243672796,2,FALSE
"69",2.684519784,0.776460734677,0.29098561672,1.7212205245,0.445534839685,0.31851020808,1.46510096675,0.850302805078,0.4076543928,2.13351240275,0.221914582066,0.18947795848,1,19797.9577614175,30851.4114987524,36455.7173654562,15642.3112496012,1.23226779332635,1.4627247624556,1.68241248488425,1.4056193051479,0.0127832456221078,NA,NA,0.201942819851106,NA,NA,0.201942819851106,0.448872259340167,0,226.31991493514,0.002685288616,81263.2971590817,1e-04,0,0.0405840873718262,22.0437169075012,"2_415_1",2,415,1,415,TRUE,TRUE,4,0.101477103705576,2,FALSE
"70",2.99104956575,0.698656389751,0.23852682656,1.613008753,0.587161723105,0.4930966164,2.3829779705,0.110718792658,0.72768619224,2.41564485875,0.234249811786,0.22971326464,1,21844.1711528721,51503.7658850778,8714.02510538152,13291.7058996144,1.29613683074143,1.9567666241832,3.5997554066459,1.30976954828631,0.0133669436626611,NA,NA,0.201883111050451,NA,NA,0.201883111050451,0.40106393226188,0,117.436251063382,0.001345267264,81263.2971590817,1e-04,0,0.0411648750305176,22.1940939426422,"2_418_1",2,418,1,418,TRUE,TRUE,3,0.0962153173414009,1,FALSE
"71",2.452709285,0.77094959545,0.2984547112,1.93084081625,0.550263494386,0.53380546112,0.8898405375,0.570142148599,0.48834474368,1.84845324325,0.177596349976,0.30973607576,1,18171.3977652585,51516.1713359178,27199.9763496664,15661.4990242963,1.44499346454722,2.12369209730722,1.94424543039899,1.42042003467612,0.0101391935125842,NA,NA,0.20221306967115,NA,NA,0.20221306967115,0.419232283014699,0,236.614532627973,0.00281198354,81263.2971590817,1e-04,0,0.0405089855194092,22.3037838935852,"2_420_1",2,420,1,420,TRUE,TRUE,5,0.106601510897323,3,FALSE
"72",2.88855500075,0.774971912683,0.29288473568,1.6385784035,0.505791224137,0.49083257256,0.671041865,0.713847239029,0.3936842192,1.197339699,0.292180413394,0.2041520456,1,26486.8423289674,44211.9323680331,30121.3923656445,15645.4140561161,1.25482170457988,1.94824690192924,1.64404896728468,1.40935326645883,0.0103994482652977,NA,NA,0.202186484937354,NA,NA,0.202186484937354,0.431222325405656,0,216.175883956432,0.002560446949,81263.2971590817,1e-04,0,0.0414218902587891,22.5332880020142,"2_424_1",2,424,1,424,TRUE,TRUE,5,0.106713808221098,3,FALSE
"73",1.53582654375,0.917606264059,0.24797671528,1.7307793575,0.572489794207,0.6079390864,0.96155198075,0.960678974674,0.32971819344,1.953039501,0.0948984970141,0.15512455856,1,8237.79130412741,61246.003361477,37836.3616283103,17635.2955611742,1.18249869320649,2.51389656903166,1.48854333245554,1.32605764597205,0.0112751664220406,NA,NA,0.202097005619866,NA,NA,0.202097005619866,0.350348733818341,0,230.208724032,0.002733147836,81263.2971590817,1e-04,0,0.0416049957275391,22.5842640399933,"2_425_1",2,425,1,425,TRUE,TRUE,3,0.0993976521387291,3,FALSE
"74",2.8067569145,0.537969976237,0.23383308816,1.79838673825,0.679893237343,0.22281431608,2.9376075745,0.097218210772,0.7388203716,1.4063323895,0.254774835811,0.2220023104,1,23555.0208779681,42191.320001082,7915.40794737076,10183.4529118214,1.28339088937055,1.28449585773696,3.7475962562591,1.30182731725812,0.0253702913010029,NA,NA,0.200651301162706,NA,NA,0.200651301162706,0.444924546191069,0,27.6472418848938,0.0002402420913,81263.2971590817,1e-04,0,0.0409750938415527,22.6343929767609,"2_426_1",2,426,1,426,TRUE,TRUE,1,0.068205943417365,1,FALSE
"75",2.64242233575,0.531832858624,0.1925747748,2.06443134775,0.583592377204,0.0392777736,2.254759652,0.349284210661,0.6447382008,1.0777553025,0.393371683453,0.17056970648,1,34559.578372511,30053.5298542638,22225.4934188816,9638.3259160756,1.20436998072903,1.04068876871589,2.78096498159001,1.23595574568748,0.0273462977397236,NA,NA,0.200447793395685,NA,NA,0.200447793395685,0.638597735996682,0,243.410939299158,0.002895626299,81263.2971590817,1e-04,0,0.0514461994171143,22.6951189041138,"2_427_1",2,427,1,427,TRUE,TRUE,1,0.0937521663450465,1,FALSE
"76",2.98543387375,0.522079950448,0.28776606744,1.68809698675,0.685638632647,0.18430601496,1.97936000875,0.404094350287,0.58175853656,2.793722945,0.124618905379,0.24950228088,1,11882.8849331865,40823.7666593892,22610.2201353376,10480.0361609737,1.33003106411357,1.22438625497305,2.37060718708553,1.39933418621203,0.0246016662110673,NA,NA,0.200730405682176,NA,NA,0.200730405682176,0.61893196004492,0,23.9933320369249,0.000195273755,81263.2971590817,1e-04,0,0.0405330657958984,22.8019189834595,"2_429_1",2,429,1,429,TRUE,TRUE,4,0.0950852795377351,2,FALSE
"77",2.6597333585,0.236011824973,0.13274145584,2.37033849125,0.726039050221,0.21824649728,2.45444615425,0.1004001221431,0.7951155932,1.70822901675,0.521555693077,0.1406612896,1,44777.296449362,44831.104275372,10063.8646573245,4021.28970292083,1.16272348806526,1.2770612704204,4.72764780414988,1.15148627788453,0.0386862535349599,NA,NA,0.199275879219229,NA,NA,0.199275879219229,0.978553321664732,0,233.26912041122,0.002770811856,81263.2971590817,1e-04,0,0.0420689582824707,22.8530209064484,"2_430_1",2,430,1,430,TRUE,TRUE,1,0.149580583492506,1,FALSE
"78",2.77360537675,0.295745590405,0.23584022824,1.91931163475,0.675938132596,0.43111025512,1.204360483,0.642328671997,0.59248905208,1.4208902165,0.524236784347,0.20002651184,1,47309.3506750263,54143.0040368565,36682.6536124857,5610.30858495833,1.2483981378077,1.74743967265374,2.43178940349947,1.30521174453698,0.02589015368675,NA,NA,0.20059778084794,NA,NA,0.20059778084794,0.799341553034479,0,260.984419896458,0.003111901527,81263.2971590817,1e-04,0,0.0415399074554443,22.9037599563599,"2_431_1",2,431,1,431,TRUE,TRUE,5,0.1244992682734,2,FALSE
"79",2.94905008575,0.367169750443,0.21039806552,2.097032266,0.628139648269,0.10838960296,2.888254613,0.343635841396,0.68982406416,2.58832995275,0.653753625724,0.10843454824,1,54797.6421429361,34598.8880258098,24355.869066551,6779.7010894961,1.1209466923389,1.12087581395567,3.17359259784457,1.26357401080678,0.0287966310334788,NA,NA,0.200298292827798,NA,NA,0.200298292827798,0.893933305663574,0,653.169606694019,0.007938488965,81263.2971590817,1e-04,0,0.0410821437835693,23.1130249500275,"2_435_1",2,435,1,435,TRUE,TRUE,6,0.138986428230078,1,FALSE
"80",2.758986138,0.415311184333,0.30374099248,1.60450765925,0.432460993735,0.35007605864,0.5682830032,0.563240020564,0.45068166976,1.36134109075,0.0930384161299,0.25372359272,1,8914.30248238733,31128.7500986423,25426.0221603214,8487.15229762266,1.33749092795082,1.53279190965829,1.81262404845189,1.4310851102642,0.0202707223988935,NA,NA,0.20117555162663,NA,NA,0.20117555162663,0.313177656587813,0,141.332179114308,0.001639352278,81263.2971590817,1e-04,0,0.0408120155334473,23.2131230831146,"2_437_1",2,437,1,437,TRUE,TRUE,1,0.0712774213560929,3,TRUE
"81",1.73540660875,0.80995020688,0.25012896912,1.78821437575,0.560543014351,0.34642846584,1.76487539875,0.825445830925,0.49674493384,1.95711020075,0.265509287803,0.14494715272,1,22869.1010801331,40164.9644851996,39903.2036243961,15602.4512865384,1.16851436796432,1.52435646879794,1.97623715523062,1.32982420533446,0.0172022362353972,NA,NA,0.201490343590532,NA,NA,0.201490343590532,0.531166545623641,0,208.078331571833,0.002460791108,81263.2971590817,1e-04,0,0.0466210842132568,23.2689869403839,"2_438_1",2,438,1,438,TRUE,TRUE,6,0.0984187607425321,3,FALSE
"82",2.84021918475,0.510314250799,0.33356035296,1.33877936825,0.58782023992,0.4175018876,1.1259879135,0.480854147005,0.621504042,2.707956903,0.296258665924,0.22906886024,1,27606.7211174946,46207.9834270759,29105.2717722778,10790.3523578192,1.29506200648285,1.70731495853319,2.61412073135616,1.49437736186599,0.0181282963439037,NA,NA,0.201395392140668,NA,NA,0.201395392140668,0.523153642593606,0,82.4290833204323,0.0009144372333,81263.2971590817,1e-04,0,0.0416510105133057,23.4694459438324,"2_442_1",2,442,1,442,TRUE,TRUE,5,0.0952100310208688,2,FALSE
"83",2.684519784,0.776460734677,0.29098561672,1.7212205245,0.329538334555,0.31592233432,0.622261676825,0.882414614863,0.39731239016,1.90417891925,0.253901711548,0.29460021584,1,25512.0711636906,22748.2221354384,37387.4033295641,15642.3112496012,1.41428348274844,1.45726164728237,1.65384390563734,1.4056193051479,0.0112256215615752,NA,NA,0.202102069082505,NA,NA,0.202102069082505,0.482178166013089,0,162.77219481602,0.001903212602,81263.2971590817,1e-04,0,0.0516529083251953,23.6379699707031,"2_445_1",2,445,1,445,TRUE,TRUE,6,0.108611755423215,3,FALSE
"84",2.92972717525,0.568527007456,0.23525608104,1.987719663,0.463753865323,0.1086256948,1.4768259165,0.596328988366,0.5807021272,2.75006456825,0.144085665736,0.23606902952,1,13532.2115723791,25550.2810600911,33300.1248702226,10778.2528211339,1.30683378422299,1.12117076814205,2.36474901594725,1.304224942324,0.0225052905869539,NA,NA,0.200945999892761,NA,NA,0.200945999892761,0.555530292216432,0,84.1299799677679,0.0009353700137,81263.2971590817,1e-04,0,0.0412280559539795,23.7386848926544,"2_447_1",2,447,1,447,TRUE,TRUE,5,0.089500258045183,2,FALSE
"85",2.452709285,0.511309229806,0.16284601128,2.15653174325,0.697449174247,0.011520984752,2.80131045075,0.140512672576,0.69469719784,1.1381285435,0.177596349976,0.30973607576,1,18171.3977652585,34989.0164952588,10086.0560071645,8985.02488737731,1.44499346454722,1.01160342964359,3.2227290735725,1.19248715579511,0.0301405485594046,NA,NA,0.200159661938924,NA,NA,0.200159661938924,0.724857179395865,0,236.614532627973,0.00281198354,81263.2971590817,1e-04,0,0.041438102722168,23.8990249633789,"2_450_1",2,450,1,450,TRUE,TRUE,1,0.105552624171516,1,FALSE
"86",1.4362810925,0.862139870659,0.25825675976,1.7307793575,0.572489794207,0.37766990288,1.299544992,0.573280286932,0.50155604712,1.94792949875,0.109690997428,0.1463042244,1,9457.77510145045,42680.3842167266,27925.923596415,16754.5612941601,1.17035998683193,1.59974079158273,1.99503620046883,1.3442435647297,0.0168218641725772,NA,NA,0.201529331206435,NA,NA,0.201529331206435,0.310185325113749,0,199.964564717894,0.002360935717,81263.2971590817,1e-04,0,0.0412189960479736,24.156672000885,"2_455_1",2,455,1,455,TRUE,TRUE,1,0.0813964534440476,3,FALSE
"87",2.64242233575,0.531832858624,0.1925747748,2.06443134775,0.583592377204,0.0392777736,2.254759652,0.539833774888,0.52328407848,1.28990880925,0.51904166203,0.12060328928,1,43897.4362892975,30053.5298542638,27243.4828254699,9638.3259160756,1.13636506007174,1.04068876871589,2.08456585277633,1.23595574568748,0.0260111714480198,NA,NA,0.200585319908105,NA,NA,0.200585319908105,0.753100055078571,0,385.777737984718,0.004647721547,81263.2971590817,1e-04,0,0.047119140625,24.2644460201263,"2_457_1",2,457,1,457,TRUE,TRUE,4,0.115947711907465,1,FALSE
"88",2.526780068,0.582620245714,0.2412218172,1.76088516,0.637703163208,0.11643102272,2.10302449925,0.119456945488,0.66962676272,1.31578182425,0.268074115453,0.21793148984,1,24673.014930262,35409.1403882397,8051.63016836162,11116.2253170148,1.27676213315311,1.13100964936069,2.98488655423074,1.3143737286508,0.0244603198881583,NA,NA,0.200744949215805,NA,NA,0.200744949215805,0.534237182504649,0,175.080084958575,0.002054684687,81263.2971590817,1e-04,0,0.0409097671508789,24.4149858951569,"2_460_1",2,460,1,460,TRUE,TRUE,4,0.0822885452623322,1,FALSE
"89",2.3664407125,0.24140540764,0.2292455984,1.8383726755,0.723777151087,0.1405890344,2.59015282725,0.23009964328,0.76938526576,1.4208902165,0.524236784347,0.20002651184,1,47309.3506750263,41182.5089734579,20821.5759944228,4547.36120429847,1.2483981378077,1.16257811436662,4.22326944476273,1.29415753354927,0.0308155502696374,NA,NA,0.200089996365108,NA,NA,0.200089996365108,0.917748183470154,0,260.984419896458,0.003111901527,81263.2971590817,1e-04,0,0.0409741401672363,24.4650709629059,"2_461_1",2,461,1,461,TRUE,TRUE,4,0.141797532113793,1,FALSE
"90",2.22826275375,0.328491503308,0.28730301528,1.49926838025,0.691375022911,0.20283525968,2.28667752975,0.589307447224,0.41046344008,1.2731191895,0.243670061251,0.20738559416,1,22167.7307494659,41985.6090182503,25348.078810224,6590.62371501984,1.25990263503415,1.25259634917952,1.69034256723981,1.39843484975912,0.0244270180007989,NA,NA,0.20074837559034,NA,NA,0.20074837559034,0.722372358019201,0,340.661228208683,0.004092476763,81263.2971590817,1e-04,0,0.0491399765014648,24.523402929306,"2_462_1",2,462,1,462,TRUE,TRUE,5,0.112807425190882,2,FALSE
"91",2.895364111,0.60340188061,0.24823822064,2.142736033,0.863873769727,0.21764833592,2.06350770875,0.209993835646,0.68444658,1.5256454655,0.498378160567,0.10466480336,1,41659.2468898514,53307.3588391776,14680.8293763395,11599.9320614102,1.11625451415051,1.27609402411745,3.12107135452625,1.32651415386575,0.0265889212609062,NA,NA,0.200525819573835,NA,NA,0.200525819573835,0.62409341156329,0,45.1851078532883,0.0004560790133,81263.2971590817,1e-04,0,0.041187047958374,24.6345980167389,"2_464_1",2,464,1,464,TRUE,TRUE,2,0.0924937265163715,1,FALSE
"92",2.87564125775,0.614995659136,0.21084518328,1.87432026575,0.796422677491,0.12796559304,2.741056972,0.126897585409,0.77037182752,1.1351702325,0.37413794197,0.13627407888,1,32014.7765327835,44738.6899626004,11524.9100064564,11361.0977011598,1.15685461507747,1.14586732454276,4.24062888015052,1.26428276061153,0.0249414549827767,NA,NA,0.200695439516712,NA,NA,0.200695439516712,0.636022030947499,0,258.983201570073,0.003087272715,81263.2971590817,1e-04,0,0.041517972946167,24.735337972641,"2_466_1",2,466,1,466,TRUE,TRUE,3,0.0972844917664238,1,FALSE
"93",1.73540660875,0.80995020688,0.28504703392,1.80612900475,0.372130961698,0.3071935332,1.76487539875,0.825445830925,0.49674493384,1.95711020075,0.265509287803,0.14494715272,1,22869.1010801331,25421.8129697188,39903.2036243961,16209.648580052,1.16851436796432,1.43912998808448,1.97623715523062,1.39406978894942,0.0139590940825841,NA,NA,0.201822519571915,NA,NA,0.201822519571915,0.507466595539643,0,208.078331571833,0.002460791108,81263.2971590817,1e-04,0,0.0422790050506592,24.853049993515,"2_468_1",2,468,1,468,TRUE,TRUE,6,0.103875371750091,3,FALSE
"94",2.36052049,0.536270374927,0.2347457512,1.83137160875,0.749455825438,0.1533956264,2.4841367675,0.235342073539,0.76763882896,1.904773244,0.384397526305,0.29620086376,1,38697.8832477611,43207.3540438908,21159.5019203576,10161.1817563035,1.41746953114853,1.18003313129991,4.19288305296608,1.30336406229028,0.0268259273068928,NA,NA,0.200501406083018,NA,NA,0.200501406083018,0.661247484543616,0,121.951254434321,0.001400833,81263.2971590817,1e-04,0,0.0411179065704346,24.9035589694977,"2_469_1",2,469,1,469,TRUE,TRUE,2,0.0984878604225405,1,FALSE
"95",1.91537767775,0.941004758332,0.22352107792,2.2621214465,0.578245045456,0.011040687536,1.6474399305,0.609714764506,0.45592323808,1.9950892085,0.0375520363327,0.15938501368,1,3270.49221545992,28995.8724205899,27705.2825810928,17618.1935886432,1.18845231789142,1.01111435393845,1.82986940909002,1.28471278373262,0.0232483674727718,NA,NA,0.2008696072972,NA,NA,0.2008696072972,0.649734544234766,0,54.8820842171892,0.0005754188198,81263.2971590817,1e-04,0,0.0414249897003174,25.1625909805298,"2_474_1",2,474,1,474,TRUE,TRUE,6,0.10252099025849,2,FALSE
"96",2.9959796625,0.518793528232,0.34686642784,1.31300224425,0.421755707341,0.4947512272,0.75457915475,0.620652577546,0.4420762144,1.515775353,0.1069796489464,0.18947795848,1,9544.11626065286,37089.5677037238,27721.3393130158,11141.7134633246,1.23226779332635,1.96304008395679,1.78500190783682,1.52446145113793,0.0148389373749865,NA,NA,0.201732456462672,NA,NA,0.201732456462672,0.249782541977509,0,122.627511400486,0.001409155633,81263.2971590817,1e-04,0,0.0412659645080566,25.2130219936371,"2_475_1",2,475,1,475,TRUE,TRUE,1,0.0861739202826641,3,FALSE
"97",2.92972717525,0.568527007456,0.23525608104,1.987719663,0.463753865323,0.1086256948,2.0618355075,0.596328988366,0.57647648952,2.5754310605,0.221952707362,0.18233602416,1,19681.9505633591,25550.2810600911,33038.3928468759,10778.2528211339,1.22158037642012,1.12117076814205,2.34160148678427,1.304224942324,0.0227521402843568,NA,NA,0.200920625539932,NA,NA,0.200920625539932,0.440478400336129,0,84.1299799677679,0.0009353700137,81263.2971590817,1e-04,0,0.0407180786132812,25.3195068836212,"2_477_1",2,477,1,477,TRUE,TRUE,1,0.0741848748554172,2,FALSE
"98",1.862752279,0.499863342925,0.22634734368,2.11102266725,0.587161723105,0.4930966164,2.3829779705,0.386400108799,0.66351624032,2.1460133045,0.129056954104,0.224318158,1,11962.6113416694,51503.7658850778,25667.8149972349,9386.9510852744,1.2871925990677,1.9567666241832,2.93211554893995,1.289358451701,0.0187671994933643,NA,NA,0.201329857566051,NA,NA,0.201329857566051,0.35280383774771,0,132.270874099453,0.001527835621,81263.2971590817,1e-04,0,0.0411829948425293,25.3699870109558,"2_478_1",2,478,1,478,TRUE,TRUE,2,0.0776780092644291,2,FALSE
"99",2.5363084545,0.50162755015,0.10442913344,2.44473210175,0.812014985728,0.1724745228,2.63100864475,0.987147693082,0.31215878632,1.8315654,0.176323535488,0.27641858584,1,17341.9946085948,47750.6657393935,38186.8163977152,8304.64014021606,1.37906960021294,1.20702390051069,1.45085073060791,1.11542696483448,0.0317923877353641,NA,NA,0.199989135956363,NA,NA,0.199989135956363,1.0263493565833,0,373.421962057358,0.004495660136,81263.2971590817,1e-04,0,0.0410900115966797,25.4205210208893,"2_479_1",2,479,1,479,TRUE,TRUE,3,0.162361707148649,2,FALSE
"100",2.452709285,0.77094959545,0.2984547112,1.93084081625,0.550263494386,0.53380546112,0.8898405375,0.526722613759,0.50579815072,1.80448683775,0.1002850813513,0.23744336936,1,9433.11293184793,51516.1713359178,25832.9715138913,15661.4990242963,1.30917000191139,2.12369209730722,2.01190951819009,1.42042003467612,0.010282131813077,NA,NA,0.202198469115267,NA,NA,0.202198469115267,0.260470830258235,0,236.614532627973,0.00281198354,81263.2971590817,1e-04,0,0.0413169860839844,25.4710729122162,"2_480_1",2,480,1,480,TRUE,TRUE,2,0.0999617527013643,3,FALSE
"101",1.53582654375,0.917606264059,0.24797671528,1.7307793575,0.572489794207,0.37766990288,1.299544992,0.751775447215,0.37673473832,1.94792949875,0.0948984970141,0.15512455856,1,8237.79130412741,42680.3842167266,31128.6487076025,17635.2955611742,1.18249869320649,1.59974079158273,1.59977949167271,1.32605764597205,0.0162475880070386,NA,NA,0.201588179441688,NA,NA,0.201588179441688,0.274508609469834,0,230.208724032,0.002733147836,81263.2971590817,1e-04,0,0.0501871109008789,25.7368500232697,"2_485_1",2,485,1,485,TRUE,TRUE,1,0.0821917063866399,3,FALSE
"102",2.80558767175,0.506949207733,0.24525152696,1.92301676575,0.406394341354,0.27650554376,0.9661160915,0.738346722796,0.48151919184,1.23680888425,0.254774835811,0.2220023104,1,23555.0208779681,26783.490557422,34853.4386728259,9714.40984095252,1.28339088937055,1.37879344297557,1.91899970551447,1.32131896020359,0.0207408471721575,NA,NA,0.201127278618317,NA,NA,0.201127278618317,0.401532955693772,0,27.6472418848938,0.0002402420913,81263.2971590817,1e-04,0,0.0405888557434082,25.7924370765686,"2_486_1",2,486,1,486,TRUE,TRUE,2,0.0756667878164079,3,FALSE
"103",2.931397993,0.540449435197,0.29251081976,2.06443134775,0.583592377204,0.0392777736,1.08603191275,0.713150564743,0.55438727184,2.402230824,0.350989727815,0.12238267056,1,29723.7841573827,30053.5298542638,37960.0274252987,10906.2380171146,1.13865512077989,1.04068876871589,2.2275809954046,1.40861652201238,0.0261342598570847,NA,NA,0.200572644963958,NA,NA,0.200572644963958,0.565230660830952,0,73.3139788750721,0.0008022584716,81263.2971590817,1e-04,0,0.0419268608093262,25.8434240818024,"2_487_1",2,487,1,487,TRUE,TRUE,2,0.0836575519552577,2,FALSE
"104",2.61299947275,0.582620245714,0.2412218172,1.76088516,0.637703163208,0.11643102272,2.10302449925,0.119456945488,0.66962676272,1.31578182425,0.268074115453,0.237744838,1,25224.3980303454,35409.1403882397,8051.63016836162,11116.2253170148,1.30968357628854,1.13100964936069,2.98488655423074,1.3143737286508,0.0247264042122635,NA,NA,0.200717570151664,NA,NA,0.200717570151664,0.503305420407968,0,117.837600985307,0.001350206641,81263.2971590817,1e-04,0,0.0473358631134033,26.0094220638275,"2_490_1",2,490,1,490,TRUE,TRUE,3,0.0773232432975539,1,FALSE
"105",2.3664407125,0.24140540764,0.2292455984,1.8383726755,0.723777151087,0.1405890344,2.59015282725,0.23009964328,0.76938526576,1.4208902165,0.53607078469,0.19297024456,1,48006.8354340049,41182.5089734579,20821.5759944228,4547.36120429847,1.23756185950376,1.16257811436662,4.22326944476273,1.29415753354927,0.0310054533039323,NA,NA,0.200070392481161,NA,NA,0.200070392481161,0.91509062973245,0,236.789092461424,0.002814131832,81263.2971590817,1e-04,0,0.0403561592102051,26.0589430332184,"2_491_1",2,491,1,491,TRUE,TRUE,3,0.141127434409435,1,FALSE
"106",2.22826275375,0.328491503308,0.29353212304,1.64530369175,0.395320758328,0.015707371176,1.47904703725,0.794031950944,0.42297196568,1.810589715,0.243670061251,0.20738559416,1,22167.7307494659,19909.9523730812,34658.2542386457,6636.4999388079,1.25990263503415,1.01588631944929,1.72657721414326,1.41063066907157,0.0244593834185677,NA,NA,0.200745045568367,NA,NA,0.200745045568367,0.727368676857303,0,340.661228208683,0.004092476763,81263.2971590817,1e-04,0,0.0408849716186523,26.1089339256287,"2_492_1",2,492,1,492,TRUE,TRUE,5,0.113628419750531,2,FALSE
"107",2.78100105025,0.394262245972,0.28635692552,1.8112579925,0.453238724764,0.3313302308,0.948526097,0.454900296115,0.50899291136,1.5281180925,0.216149448538,0.22466128688,1,20043.0810182165,31876.9517976901,22425.723152979,7901.8980054056,1.28775779020782,1.49039962271306,2.02480556341643,1.39660095153312,0.0214478671335828,NA,NA,0.201054659089194,NA,NA,0.201054659089194,0.542575247275549,0,222.436549365939,0.002637496389,81263.2971590817,1e-04,0,0.0409479141235352,26.1592950820923,"2_493_1",2,493,1,493,TRUE,TRUE,5,0.0899896735954048,2,FALSE
"108",1.973353316,0.60340188061,0.24823822064,2.142736033,0.863873769727,0.21764833592,2.06350770875,0.209993835646,0.61846887,2.31955307075,0.450761904253,0.009772778552,1,36062.1183646126,53307.3588391776,12630.8204400382,11599.9320614102,1.00982197726002,1.27609402411745,2.59378437668327,1.32651415386575,0.026529623951885,NA,NA,0.20053192719921,NA,NA,0.20053192719921,0.777596074714381,0,190.527671082984,0.002244796725,81263.2971590817,1e-04,0,0.0511598587036133,26.2196929454803,"2_494_1",2,494,1,494,TRUE,TRUE,4,0.119702828290447,1,FALSE
"109",2.6534513755,0.645766423633,0.1702937864,2.10865114425,0.598797383977,0.09642976184,2.2112378515,0.318935548801,0.6656357228,1.1351702325,0.37413794197,0.13627407888,1,32014.7765327835,32593.4663393163,21292.8039677908,11435.3659271365,1.15685461507747,1.10613313651711,2.95020812371784,1.20308669417427,0.0237899198751308,NA,NA,0.200813914274938,NA,NA,0.200813914274938,0.627717537579461,0,258.983201570073,0.003087272715,81263.2971590817,1e-04,0,0.0431551933288574,26.3281829357147,"2_496_1",2,496,1,496,TRUE,TRUE,5,0.0979787616327733,1,FALSE
"110",2.36052049,0.536270374927,0.2347457512,1.83137160875,0.749455825438,0.1533956264,2.4841367675,0.235342073539,0.76763882896,1.3274505225,0.348345720955,0.28165200752,1,34471.1503206575,43207.3540438908,21159.5019203576,10161.1817563035,1.38902535881869,1.18003313129991,4.19288305296608,1.30336406229028,0.0268469380190152,NA,NA,0.200499241670618,NA,NA,0.200499241670618,0.610936707311093,0,122.733927153708,0.001410465282,81263.2971590817,1e-04,0,0.0413899421691895,26.4851109981537,"2_499_1",2,499,1,499,TRUE,TRUE,1,0.0898467660896792,1,FALSE
"111",2.8591142225,0.909059860072,0.3607315736,1.35140039075,0.453841512697,0.36095875424,1.28835794625,0.595546273873,0.3925969076,1.09635605025,0.0961726715245,0.23626282224,1,9034.29377600557,33118.3250366367,25098.8001248879,19847.4278841655,1.30716270631467,1.55851964429294,1.64113601121774,1.55712445727463,0.00838752199539905,NA,NA,0.202391910123564,NA,NA,0.202391910123564,0.419805133374853,0,396.384009641502,0.004778251968,81263.2971590817,1e-04,0,0.0473198890686035,26.5418820381165,"2_500_1",2,500,1,500,TRUE,TRUE,6,0.11161012957269,3,FALSE
